Tỉnh thành,Diện tích cây lương thực có hạt,Sản lượng cây lương thực có hạt,Sản lượng lương thực có hạt bình quân đầu người,Diện tích lúa,Năng suất lúa,Sản lượng lúa,Diện tích lúa đông xuân,Năng suất lúa đông xuân,Sản lượng lúa đông xuân,Diện tích lúa hè thu và thu đông,Năng suất lúa hè thu và thu đông,Sản lượng lúa hè thu và thu đông,Diện tích lúa mùa,Năng suất lúa mùa,Sản lượng lúa mùa,Diện tích ngô,Năng suất ngô,Sản lượng ngô,Diện tích khoai,Sản lượng khoai,Diện tích sắn,Sản lượng sắn,Năm
Cả nước,8542.2,43305.4,508.8,7422.2,43.6,38729.8,3013.1,60.8,18326.9,2368.7,48.1,11395.7,43.6,2018.4,9007.2,1140.2,40.1,4573.1,162.6,1325.6,55.4,9309.9,2008
Đồng bằng sông Hồng,1251.7,7219.5,370.7,1155.4,5.5,6790.2,566.3,63.7,3609.7,,,,55,586.9,3180.5,98.4,43.6,429.1,32.3,291.8,,,2008
Hà Nội,232.6,1288.8,201.9,206.9,42.4,1177.8,101.2,59.8,60.5,,,,42.4,105.5,572.8,25.9,42.9,11.1,7.5,61.1,2.4,34.2,2008
Vĩnh Phúc,76.4,37.5,377.3,60.5,49.5,301.5,29.8,55.4,165.2,,,,49.5,28.1,136.3,18.5,39.7,73.5,3.2,27.7,,,2008
Bắc Ninh,78.7,450.1,442.1,74.8,53.1,440.3,3.8,63.5,241.3,,,,53.1,38.2,199,2.5,39.2,9.8,1.2,14.7,,,2008
Quảng Ninh,52.5,228.1,20.1,4.5,44.3,204.1,17.3,49.8,86.2,,,,44.3,28.3,117.9,6.8,3.5,23.8,4.6,25.5,,,2008
Hải Dương,131.3,779.2,458.1,12.7,5.7,757.7,63.7,64.9,413.3,,,,57,63.2,344.4,4.4,48.9,21.5,1.5,15.5,,,2008
Hải Phòng,8.5,485.5,266.2,82.4,53.2,475.9,4.0,63.6,254.3,,,,53.2,43.1,221.6,1.9,50.5,9.6,1.7,18.4,,,2008
Hưng Yên,90.9,561.7,498.8,81.5,60.3,514.5,40.3,65.8,265.3,,,,60.3,41.4,249.2,9.2,51.3,47.2,1.4,17.7,,,2008
Thái Bình,177.6,1154.2,647.4,167.1,6.2,1105.2,84.2,7.0,589.4,,,,62,84.1,515.8,9.3,52.7,4.9,4.4,53.4,,,2008
Hà Nam,78.1,456.8,580.5,70.4,55.4,416.3,33.8,63.4,214.2,,,,55.4,35.9,202.1,8.4,48.2,40.5,0.8,9.2,,,2008
Nam Định,161.3,948.1,519.2,158.6,52.5,92.9,76.9,67.5,519.4,,,,52.5,79.8,409.6,4.6,41.5,19.1,3.5,29.8,,,2008
Ninh Bình,87.3,49.2,547.8,81.2,52.7,467.9,41.1,62.3,256.1,,,,52.7,39.3,211.8,6.9,34.9,24.1,2.5,18.8,,,2008
Trung du và miền núi phía Bắc,1118.8,4448.9,404.5,669.8,40.9,2903.9,231.2,51.7,1195.2,,,,40.9,427.6,1708.7,459.2,33.6,1544.6,41.4,267.5,,,2008
Hà Giang,83.4,279.2,389.8,37.1,45.1,167.3,9.5,46.6,44.3,,,,45.1,27.1,123,46.4,24.1,111.7,1.5,0.8,3.8,31.1,2008
Cao Bằng,7.0,237.5,465.2,30.3,37.9,124.6,3.7,50.8,18.8,,,,37.9,27.5,105.8,38.4,29.3,112.7,1.7,9.1,2.1,21.6,2008
Bắc Kạn,37.9,152.2,518.4,21.5,42.7,93.8,7.1,46.2,32.8,,,,42.7,14.1,61,16.7,3.5,58.4,0.6,2.5,2.2,2.4,2008
Tuyên Quang,61.4,323.3,446.9,45.6,56.5,256.6,19.5,56.4,109.9,,,,56.5,25.7,146.7,16.2,41.2,66.7,4.5,26.9,6.3,8.3,2008
Lào Cai,57.1,199.1,328.3,29.1,40.5,118.4,8.8,5.3,46.6,,,,40.5,19.5,71.8,28.8,2.8,80.7,0.6,3.2,8.2,98.8,2008
Yên Bái,5.7,215.5,292.2,41.2,39.2,170.2,16.9,48.6,82.1,,,,39.2,22.7,88.1,17.4,2.6,45.3,2.9,15.1,15.8,294.5,2008
Thái Nguyên,89.5,417.2,372.4,69.9,47.4,332.6,27.4,5.0,137.1,,,,47.4,41.5,195.5,20.6,41.1,84.6,7.9,46.7,4.1,43.3,2008
Lạng Sơn,69.9,286.7,392.4,49.9,37.8,191.8,15.1,48.3,72.9,,,,37.8,34.1,118.9,20.7,45.8,94.9,2.4,9.9,5.1,44.4,2008
Bắc Giang,125.5,569.4,366.3,111.4,50.1,518.4,50.1,52.7,263.8,,,,50.1,59.8,254.6,15.6,32.7,5.1,8.9,88.7,5.4,67.7,2008
Phú Thọ,9.1,421.3,321.2,71.3,47.8,331.8,35.1,51.4,180.3,,,,47.8,32.8,151.5,23.1,38.7,89.5,3.3,20.1,7.3,97.9,2008
Điện Biên,72.1,202.7,422.9,44.9,25.9,138.4,7.6,57.5,43.7,,,,25.9,35.6,94.7,28.9,22.2,64.3,0.4,2.5,7.5,55.4,2008
Lai Châu,48.8,144.9,393.9,3.0,30.3,104.7,5.2,5.0,2.6,,,,30.3,25.4,78.7,18.2,22.1,40.2,0.8,4.2,5.3,42.9,2008
Sơn La,177.9,65.2,610.9,45.9,23.6,148.5,9.2,56.6,52.1,,,,23.6,36.4,96.4,132.3,38.1,503.5,0.5,3.3,23.7,270.4,2008
Hoà Bình,77.3,347.9,447.2,41.7,45.7,206.8,1.6,5.3,84.8,,,,45.7,25.4,122,35.9,39.3,141.1,5.4,27.3,13.2,144.9,2008
Bắc Trung Bộ và Duyên hải miền Trung,1430.5,6959.2,370.2,1219.3,41.9,6114.9,544.2,54.2,2951.2,328.5,52.2,1713.8,41.9,337.6,1449.9,219.6,38.4,843.4,61.1,374.7,,,2008
Thanh Hoá,315.2,1635.8,479.9,258.1,50.3,1404.3,117.9,60.3,711.5,,,,50.3,136.5,692.8,60.7,38.1,231.4,13.7,86.2,16.9,210.6,2008
Nghệ An,244.6,1157.7,397.5,184.6,27.1,934.3,84.5,61.2,517.2,56.9,51.4,292.7,27.1,41.7,124.4,61.4,36.4,223.3,12.2,78.2,19.3,374.1,2008
Hà Tĩnh,110.3,490.9,397.8,100.5,1.6,466.5,53.3,49.9,26.6,40.6,45.8,186.1,16,6.6,14.4,9.8,24.9,24.4,12.8,78.2,4.1,49.8,2008
Quảng Bình,55.4,261.4,309.9,50.8,1.9,240.1,27.2,53.6,145.9,22.1,41.5,91.8,19,0.9,2.4,5.1,41.4,21.1,4.2,26.7,5.8,96.1,2008
Quảng Trị,50.9,226.2,379.1,48.1,15.1,218.3,23.2,49.1,11.4,19.4,5.0,9.7,15.1,4.5,7.3,3.8,20.8,7.9,3.4,24.1,1.0,17.1,2008
Thừa Thiên Huế,52.5,280.1,258.2,53.1,1.5,274.8,25.8,54.8,141.5,24.4,54.2,132.2,15,0.7,1.1,1.6,33.1,5.3,4.3,19.7,7.5,11.8,2008
Đà Nẵng,8.9,47.3,54.4,0.8,55.9,42.6,4.1,50.7,20.8,,,,55.9,3.9,21.8,0.9,52.2,4.7,0.5,0.3,,,2008
Quảng Nam,98.2,434.7,306.6,85.9,46.1,380.6,40.8,42.4,172.8,,,,46.1,45.1,207.8,12.3,4.4,54.1,7.2,43.7,13.9,199.8,2008
Quảng Ngãi,84.4,40.8,335.3,73.8,27.5,354.4,36.3,4.4,159.6,31.4,56.7,17.8,27.5,6.1,16.8,10.6,50.6,53.6,0.9,4.7,20.5,350.4,2008
Bình Định,123.3,660.8,444.8,115.1,43.4,61.9,47.3,55.6,262.8,40.4,58.7,237.2,43.4,27.4,119,8.2,5.1,41.8,0.4,1.8,13.9,295.9,2008
Phú Yên,63.1,312.1,364.3,56.7,27.6,294.6,25.6,46.1,118.1,23.7,65.9,156.1,27.6,7.4,20.4,6.4,27.3,17.5,0.2,1.1,16.5,247.9,2008
Khánh Hoà,51.4,225.6,196.3,45.7,2.0,215.2,19.1,5.5,10.5,18.1,51.5,93.2,20,8.5,17,5.7,18.2,10.4,0.1,0.6,6.5,111.7,2008
Ninh Thuận,52.9,248.4,44.3,37.9,43.2,200.3,1.2,63.3,75.9,12.9,52.9,68.3,43.2,13,56.1,14.7,32.4,47.6,0.1,0.6,,,2008
Bình Thuận,119.4,570.2,490.7,10.1,42.1,469.9,27.1,51.7,140.1,38.6,46.9,181.2,42.1,35.3,148.6,18.4,54.5,100.3,1.1,6.1,30.2,467.4,2008
Tây Nguyên,445.2,2015.3,400.1,211.2,40.3,935.2,69.1,52.1,360.2,0.6,43.3,2.6,40.3,136.2,549,233.6,46.2,1079.2,1.3,131.1,,,2008
Kon Tum,31.4,105.6,251.1,23.4,29.1,77.4,6.8,42.8,29.1,,,,29.1,16.6,48.3,0.8,35.3,28.2,0.2,1.1,37.8,553.1,2008
Gia Lai,123.8,48.7,389.2,68.4,36.2,292.8,22.3,56.5,125.9,,,,36.2,46.1,166.9,55.4,35.1,194.2,1.5,9.3,60.8,82.1,2008
Đắk Lắk,193.7,947.4,552.4,75.8,46.9,369.3,26.7,52.1,13.9,,,,46.9,49.1,230.3,117.9,4.9,578.1,3.6,31.1,25.6,509.8,2008
Đắk Nông,45.4,257.1,541.9,11.4,39.6,52.1,3.9,56.4,2.2,,,,39.6,7.6,30.1,33.9,60.5,20.5,4.8,56.7,21.5,440.8,2008
Lâm Đồng,50.9,218.2,185.6,32.2,43.7,143.6,9.4,4.7,44.2,0.6,43.3,2.6,43.7,16.8,73.4,18.4,40.1,73.7,2.9,32.9,,,2008
Đông Nam Bộ,396.5,1763.8,128.9,307.6,3.9,1316.1,75.8,49.8,377.4,94.4,42.7,402.8,39,137.5,535.9,88.8,50.4,447.7,2.1,17.4,,,2008
Bình Phước,19.9,59.8,69.7,14.3,27.9,41.5,2.9,33.4,9.7,,,,27.9,11.4,31.8,5.6,32.7,18.3,0.7,4.3,25.8,564.5,2008
Tây Ninh,158.5,736.2,694.2,152.2,43.6,705.3,41.9,51.7,216.8,51.1,4.5,230.2,43.6,59.2,258.3,6.3,4.9,30.9,0.6,7.2,47.6,1248.6,2008
Bình Dương,12.3,4.1,29.2,11.7,30.6,39.8,0.3,4.1,12.3,2.3,34.3,7.9,30.6,6.4,19.6,0.6,2.0,1.2,0.3,0.2,6.7,119.9,2008
Đồng Nai,131.7,647.6,266.2,7.5,41.2,333.1,1.6,54.4,87.1,26.9,42.3,113.9,41.2,32.1,132.1,56.7,55.5,314.5,0.3,2.9,23.1,563.7,2008
Bà Rịa - Vũng Tàu,4.3,165.8,168.6,24.1,33.4,85.5,0.5,42.8,21.4,6.6,33.9,22.4,33.4,12.5,41.7,18.9,42.5,80.3,0.2,0.8,8.1,187.2,2008
TP.Hồ Chí Minh,31.1,113.4,16.3,30.3,3.3,110.9,0.7,4.3,30.1,7.5,37.9,28.4,33,15.9,52.4,0.7,35.7,2.5,0.0,0.2,,,2008
Đồng bằng sông Cửu Long,3899.5,20898.7,122.0,3858.9,40.3,20669.5,1526.5,64.4,9833.2,1939.8,47.7,9253.1,40.3,392.6,1583.2,40.6,56.4,229.1,12.7,243.1,,,2008
Long An,462.1,2205.7,1544.4,45.7,30.6,2178.1,24.0,5.4,1296.8,201.7,41.4,834.5,30.6,15.3,46.8,5.1,54.1,27.6,0.1,0.6,1.5,23.1,2008
Tiền Giang,249.5,1336.5,801.3,244.9,,132.1,82.6,66.7,551.2,162.3,47.7,769.8,..,..,..,4.6,33.5,15.4,0.3,3.8,,,2008
Bến Tre,79.9,363.2,288.3,79.2,40.9,361.1,20.6,57.4,118.3,24.5,42.2,103.4,40.9,34.1,139.4,0.7,3.0,2.1,0.2,1.7,,2.2,2008
Trà Vinh,232.2,1115.4,1114.5,226.9,43.8,1086.7,53.7,54.8,294.5,82.9,47.8,396.4,43.8,90.3,395.8,5.3,54.2,28.7,1.8,23.1,,,2008
Vĩnh Long,178.5,898.3,877.2,177.4,,896.1,68.2,63.2,431.3,109.2,42.6,464.8,..,..,..,1.1,2.0,2.2,0.5,142.8,0.2,2.8,2008
Đồng Tháp,473.2,275.9,1659.5,468.1,,2720.2,20.8,69.9,1453.9,260.1,48.7,1266.3,..,..,..,5.1,76.1,38.8,0.5,11.6,,,2008
An Giang,57.6,3599.4,1679.9,564.5,38.3,3513.8,231.7,73.1,1694.8,324.7,55.1,178.8,38.3,8.1,31,11.5,74.4,85.6,0.2,4.4,0.1,23.9,2008
Kiên Giang,609.2,3387.3,2025.5,609.2,39.3,3387.2,270.2,67.1,1813.2,27.9,4.8,133.8,39.3,60,236,0.0,43.2,0.1,0.8,13.4,0.1,19.4,2008
Cần Thơ,219.6,1203.5,1019.1,218.6,,1198.5,90.6,68.5,620.9,12.8,45.1,577.6,..,..,..,0.1,5.0,0.5,0.1,0.7,,,2008
Hậu Giang,20.5,1029.1,1360.7,202.9,,1020.1,81.6,61.6,502.8,121.3,42.6,517.3,..,..,..,2.1,42.9,0.9,0.9,1.5,,,2008
Sóc Trăng,32.6,1752.9,136.4,322.3,42.7,1739.5,139.3,59.1,822.8,160.7,51.1,821.4,42.7,22.3,95.3,3.7,36.2,13.4,0.2,21.9,,,2008
Bạc Liêu,155.2,765.1,902.8,15.5,45.1,764.4,4.0,58.2,232.7,49.1,47.8,234.6,45.1,65.9,297.1,0.2,3.5,0.7,0.6,3.3,,,2008
Cà Mau,133.1,483.3,402.2,132.9,35.4,482.8,,,,36.3,38.8,14.1,35.4,96.6,341.8,0.2,2.5,0.5,0.2,0.8,,,2008
Cả nước,8527.4,43323.4,503.6,7437.2,52.4,38950.2,3060.9,61.1,18695.8,2358.4,47.5,11212.2,44.8,2017.9,9042.2,1089.2,1089.2,40.1,40.1,4371.7,146.6,1211.3,2009
Đồng bằng sông Hồng,1228.3,7105.4,362.2,1155.5,58.8,6796.8,571.3,63.4,362.1,,,,54.4,584.2,3175.8,72.7,72.7,42.4,42.4,308.4,22.8,195.1,2009
Hà Nội,225.3,1229.2,189.9,206.9,55.8,1154.1,103.2,58.3,601.4,,,,53.3,103.7,552.7,18.4,18.4,40.8,40.8,75.1,4.2,32.9,2009
Vĩnh Phúc,68.4,350.0,349.9,60.5,53.5,323.6,31.4,56.1,176.2,,,,50.7,29.1,147.4,7.9,7.9,33.4,33.4,26.4,1.8,10.5,2009
Bắc Ninh,77.2,453.7,442.0,74.8,59.5,444.9,37.3,64.2,239.4,,,,54.8,37.5,205.5,2.4,2.4,36.7,36.7,8.8,0.6,6.5,2009
Quảng Ninh,51.4,226.1,197.3,45.0,45.2,203.3,17.3,50.9,88.1,,,,41.6,27.7,115.2,6.3,6.3,35.9,35.9,22.6,4.3,25.1,2009
Hải Dương,130.9,792.8,464.5,127.0,60.9,773.5,64.0,64.6,413.4,,,,57.2,63,360.1,3.9,3.9,49.5,49.5,19.3,1.3,12.8,2009
Hải Phòng,84.3,498.4,270.8,82.4,59.3,488.3,40.1,62.9,252.3,,,,55.8,42.3,236,1.9,1.9,53.2,53.2,10.1,1.5,16.2,2009
Hưng Yên,88.4,546.3,484.1,81.5,62.7,51.1,40.3,64.3,259.0,,,,61.2,41.2,252,6.9,6.9,51.2,51.2,35.3,0.7,9.0,2009
Thái Bình,175.6,1150.7,645.3,167.1,66.2,1105.8,83.2,70.3,585.3,,,,62,83.9,520.5,8.5,8.5,52.8,52.8,44.9,3.5,41.6,2009
Hà Nam,76.5,448.0,569.8,70.4,59.5,419.1,34.7,63.1,218.9,,,,56.1,35.7,200.2,6.1,6.1,47.4,47.4,28.9,0.5,5.1,2009
Nam Định,163.0,907.0,496.1,158.6,56.1,889.1,78.3,67.5,528.8,,,,44.9,80.3,360.3,4.4,4.4,40.7,40.7,17.9,2.3,20.0,2009
Ninh Bình,87.3,503.2,559.4,81.3,59.5,484.1,41.5,62.2,258.2,,,,56.8,39.8,225.9,6.0,6.0,31.8,31.8,19.1,2.1,15.4,2009
Trung du và miền núi phía Bắc,1114.1,4569.3,412.6,670.4,45.5,3053.6,240.1,52.8,1267.9,,,,41.5,430.3,1785.7,443.2,443.2,34.2,34.2,1515.4,38.1,239.1,2009
Hà Giang,84.1,308.0,424.8,37.0,50.1,185.3,9.9,48.9,48.4,,,,50.5,27.1,136.9,46.8,46.8,26.2,26.2,122.5,1.6,8.6,2009
Cao Bằng,67.8,228.7,447.4,30.4,39.1,118.9,3.8,50.5,19.2,,,,37.5,26.6,99.7,37.2,37.2,29.5,29.5,109.7,1.6,8.3,2009
Bắc Kạn,37.8,151.9,515.6,21.8,44.1,96.2,7.5,47.9,35.9,,,,42.2,14.3,60.3,16.0,16.0,34.8,34.8,55.7,0.6,2.6,2009
Tuyên Quang,60.4,324.0,446.8,45.6,57.3,261.3,19.8,58.2,115.3,,,,56.6,25.8,146,14.8,14.8,42.4,42.4,62.7,3.9,24.1,2009
Lào Cai,58.7,220.9,358.7,29.1,44.1,128.3,9.0,54.1,48.7,,,,39.6,20.1,79.6,29.6,29.6,31.3,31.3,92.6,0.7,3.6,2009
Yên Bái,59.7,235.6,317.6,41.2,45.2,186.2,17.3,51.4,88.9,,,,40.7,23.9,97.3,18.5,18.5,26.7,26.7,49.4,2.9,14.9,2009
Thái Nguyên,87.3,407.3,361.9,69.9,48.5,339.3,28.7,50.0,143.6,,,,47.5,41.2,195.7,17.4,17.4,39.1,39.1,68.0,6.9,39.7,2009
Lạng Sơn,70.1,287.5,392.1,49.9,38.9,194.1,15.8,49.1,77.5,,,,34.2,34.1,116.6,20.2,20.2,46.2,46.2,93.4,2.3,10.8,2009
Bắc Giang,123.4,612.5,393.4,111.4,51.3,571.6,52.2,53.7,280.5,,,,49.2,59.2,291.1,12.0,12.0,34.1,34.1,40.9,7.9,74.8,2009
Phú Thọ,87.7,426.2,323.7,71.3,50.9,362.8,36.9,53.6,197.7,,,,48,34.4,165.1,16.4,16.4,38.7,38.7,63.4,3.0,17.8,2009
Điện Biên,74.4,213.4,434.8,44.9,32.7,146.6,7.9,53.7,42.4,,,,28.2,37,104.2,29.5,29.5,22.6,22.6,66.8,0.5,3.0,2009
Lai Châu,48.9,155.1,417.6,30.2,37.1,111.9,5.4,51.5,27.8,,,,33.9,24.8,84.1,18.7,18.7,23.1,23.1,43.2,0.8,4.2,2009
Sơn La,178.0,667.0,618.1,45.9,33.3,152.8,9.5,57.7,54.8,,,,26.9,36.4,98,132.1,132.1,38.9,38.9,514.2,0.5,3.1,2009
Hoà Bình,75.8,331.2,421.2,41.8,47.4,198.3,16.4,53.2,87.2,,,,43.7,25.4,111.1,34.0,34.0,39.1,39.1,132.9,4.9,23.6,2009
Bắc Trung Bộ và Duyên hải miền Trung,142.4,7020.9,372.3,122.1,51.1,6243.2,551.1,57.3,3156.5,345.2,49.6,1710.7,42.4,324.7,1376,202.8,202.8,38.3,38.3,777.2,55.4,330.7,2009
Thanh Hoá,311.8,1660.5,487.8,258.1,56.3,1452.7,121.3,60.2,729.8,,,,52.8,136.8,722.9,53.7,53.7,38.7,38.7,207.8,12.5,77.6,2009
Nghệ An,238.4,1084.8,372.2,184.4,48.7,898.8,86.3,62.8,542.0,65.6,43.6,285.8,21.8,32.5,71,54.0,54.0,34.4,34.4,186.0,11.1,67.6,2009
Hà Tĩnh,107.0,486.8,396.5,100.5,46.5,467.8,53.8,50.3,270.4,41.7,45.1,188.2,18.4,5,9.2,6.5,6.5,29.2,29.2,19.0,10.1,61.6,2009
Quảng Bình,55.5,264.8,313.4,50.8,47.9,243.4,27.2,54.6,148.4,22.9,4.1,93.9,15.7,0.7,1.1,4.6,4.6,45.9,45.9,21.1,4.0,26.6,2009
Quảng Trị,51.4,220.6,368.5,48.1,44.3,21.3,23.8,51.1,121.6,21.2,4.2,8.9,7.7,3.1,2.4,3.3,3.3,23.0,23.0,7.6,3.3,22.2,2009
Thừa Thiên Huế,54.7,288.3,265.1,53.1,53.2,282.6,26.9,55.4,149.0,25.5,5.2,132.5,15.7,0.7,1.1,1.6,1.6,35.6,35.6,5.7,4.2,19.6,2009
Đà Nẵng,8.7,46.9,52.4,7.8,53.8,4.2,4.0,60.0,24.0,,,,47.4,3.8,18,0.9,0.9,54.4,54.4,4.9,0.5,3.3,2009
Quảng Nam,99.1,444.5,312.4,86.6,45.5,394.4,41.9,51.7,216.6,,,,39.8,44.7,177.8,12.5,12.5,40.1,40.1,50.1,6.6,35.5,2009
Quảng Ngãi,83.3,420.2,345.2,72.5,51.0,37.0,36.6,53.9,197.1,31.7,52.1,16.5,18.8,4.2,7.9,10.8,10.8,46.5,46.5,50.2,0.7,3.4,2009
Bình Định,121.9,642.8,432.2,114.0,53.0,604.3,47.5,58.7,278.7,41.6,57.3,238.2,35.1,24.9,87.4,7.9,7.9,48.7,48.7,38.5,0.4,2.5,2009
Phú Yên,63.3,342.1,396.7,56.7,57.6,326.8,25.7,63.6,163.4,2.4,63.2,151.7,16.7,7,11.7,6.6,6.6,23.2,23.2,15.3,0.3,1.6,2009
Khánh Hoà,51.9,240.1,207.3,45.9,49.7,228.2,19.1,57.0,108.9,18.6,52.3,97.2,27,8.2,22.1,6.0,6.0,19.8,19.8,11.9,0.2,1.0,2009
Ninh Thuận,54.5,265.7,469.6,39.2,54.5,213.6,13.2,60.4,79.7,13.7,57.9,79.3,44.4,12.3,54.6,15.2,15.2,34.1,34.1,51.9,0.4,1.8,2009
Bình Thuận,122.5,612.8,524.0,103.3,48.9,505.6,23.8,53.3,126.9,38.7,49.1,189.9,46.3,40.8,188.8,19.2,19.2,55.8,55.8,107.2,1.1,6.4,2009
Tây Nguyên,459.4,2116.8,412.7,215.6,46.3,999.1,72.7,56.8,412.9,6.3,42.5,26.8,41,136.6,559.4,243.6,243.6,45.9,45.9,1117.2,14.0,149.5,2009
Kon Tum,32.0,105.8,245.0,23.8,32.5,77.4,7.0,44.1,30.9,,,,27.7,16.8,46.5,8.2,8.2,34.6,34.6,28.4,0.2,1.1,2009
Gia Lai,127.1,496.6,387.7,69.9,41.2,288.2,23.1,55.7,128.7,,,,34.1,46.8,159.5,57.2,57.2,36.4,36.4,208.4,1.6,11.4,2009
Đắk Lắk,198.7,988.0,569.2,76.7,55.0,421.6,28.2,64.0,180.5,,,,49.7,48.5,241.1,121.8,121.8,46.5,46.5,565.9,3.7,34.6,2009
Đắk Nông,50.3,297.9,606.7,11.8,51.9,61.2,4.2,59.0,24.8,,,,47.9,7.6,36.4,38.5,38.5,61.5,61.5,236.7,6.0,71.7,2009
Lâm Đồng,51.3,228.5,192.1,33.4,45.1,150.7,10.2,47.1,48.0,6.3,42.5,26.8,44.9,16.9,75.9,17.9,17.9,43.5,43.5,77.8,2.5,30.7,2009
Đông Nam Bộ,394.4,1793.6,126.8,304.7,43.8,1334.3,76.9,49.6,381.4,96.3,43.5,418.6,40.6,131.5,534.3,89.7,89.7,51.2,51.2,459.3,2.1,17.5,2009
Bình Phước,22.2,68.8,78.6,14.8,30.7,45.5,3.1,32.6,10.1,,,,30.3,11.7,35.4,7.4,7.4,31.5,31.5,23.3,0.9,5.8,2009
Tây Ninh,161.7,753.6,706.1,154.4,46.5,717.8,43.6,50.5,220.0,5.3,45.9,243.3,44,57.8,254.5,7.3,7.3,49.0,49.0,35.8,0.4,4.6,2009
Bình Dương,10.9,39.0,25.8,10.4,36.3,37.8,2.6,43.5,11.3,2.2,3.5,7.7,33.6,5.6,18.8,0.5,0.5,24.0,24.0,1.2,0.2,1.8,2009
Đồng Nai,127.6,651.8,260.8,73.2,46.2,337.9,15.9,55.0,87.5,26.3,43.2,113.6,44.1,31,136.8,54.4,54.4,57.7,57.7,313.9,0.5,4.7,2009
Bà Rịa - Vũng Tàu,43.6,176.3,176.6,24.7,38.6,95.3,5.2,46.5,24.2,7.7,35.3,27.2,37.2,11.8,43.9,18.9,18.9,42.9,42.9,81.0,0.1,0.4,2009
TP.Hồ Chí Minh,28.4,104.1,14.5,27.2,36.8,10.0,6.5,43.5,28.3,7.1,37.7,26.8,33,13.6,44.9,1.2,1.2,34.2,34.2,4.1,0.0,0.2,2009
Đồng bằng sông Cửu Long,3907.2,20717.4,1204.5,38.7,53.0,20523.2,1548.8,63.6,9856.1,1910.6,47.4,9056.1,39.2,410.6,1611,37.2,37.2,52.2,52.2,194.2,14.2,279.4,2009
Long An,467.6,2178.1,1516.5,463.6,46.6,2158.6,249.0,53.1,1322.8,201.3,40.3,810.7,18.9,13.3,25.1,4.0,4.0,48.8,48.8,19.5,0.1,0.3,2009
Tiền Giang,251.1,1323.6,791.2,246.4,53.1,130.8,82.7,64.7,535.1,163.7,47.2,772.9,..,..,..,4.7,4.7,33.2,33.2,15.6,0.3,3.5,2009
Bến Tre,82.0,365.8,291.2,81.1,44.7,362.7,21.1,58.9,124.2,24.2,39.8,96.3,39.7,35.8,142.2,0.9,0.9,34.4,34.4,3.1,0.3,2.8,2009
Trà Vinh,237.5,1102.8,1099.3,231.9,46.4,1076.8,56.1,53.0,297.5,82.4,48.1,396.2,41,93.4,383.1,5.6,5.6,46.4,46.4,26.0,2.1,29.6,2009
Vĩnh Long,177.9,913.9,891.5,176.7,51.6,911.4,67.6,63.2,427.5,109.1,44.4,483.9,..,..,..,1.2,1.2,20.8,20.8,2.5,5.1,148.8,2009
Đồng Tháp,455.0,2681.5,160.9,450.8,58.8,2650.4,207.2,68.9,1428.4,243.6,50.2,122.2,..,..,..,4.2,4.2,74.0,74.0,31.1,1.2,30.0,2009
An Giang,566.5,3486.6,1623.5,557.3,61.4,3421.5,234.1,71.6,1677.2,315.6,54.4,1715.8,37.5,7.6,28.5,9.2,9.2,70.8,70.8,65.1,0.1,2.1,2009
Kiên Giang,622.2,3397.9,2012.4,622.1,54.6,3397.7,277.8,67.0,1860.3,282.1,46.1,130.0,38.2,62.2,237.4,0.1,0.1,41.1,41.1,0.2,1.0,19.4,2009
Cần Thơ,209.9,1143.2,961.8,208.8,54.5,1138.1,90.1,67.3,606.4,118.7,44.8,531.7,..,..,..,1.1,1.1,46.4,46.4,5.1,0.0,0.4,2009
Hậu Giang,193.2,1003.5,1323.9,191.2,52.0,993.8,82.3,63.0,518.8,108.9,43.6,47.5,..,..,..,2.0,2.0,48.5,48.5,9.7,0.7,10.5,2009
Sóc Trăng,338.5,1795.3,1388.3,334.6,53.2,1780.4,138.6,58.6,811.8,169.1,50.4,852.2,43.3,26.9,116.4,3.9,3.9,38.2,38.2,14.9,2.5,27.8,2009
Bạc Liêu,166.6,821.0,958.2,166.5,49.3,820.3,42.2,58.3,246.1,55.8,46.2,257.6,46.2,68.5,316.6,0.1,0.1,70.0,70.0,0.7,0.6,3.3,2009
Cà Mau,139.2,504.2,417.7,139.0,36.2,503.5,,,,36.1,39.3,141.8,35.2,102.9,361.7,0.2,0.2,35.0,35.0,0.7,0.2,0.9,2009
Cả nước,8615.9,44632.2,513.4,7489.4,53.4,40005.6,3085.9,62.3,19216.8,243.6,4.8,11686.1,46.3,1967.5,9102.7,1125.7,41.1,4625.7,150.8,1318.5,49.8,8595.6,2010
Đồng bằng sông Hồng,1247.8,7246.6,365.5,1150.1,59.2,6805.4,568.7,63.2,3592.6,,,,55.3,581.4,3212.8,97.6,45.2,441.0,27.0,247.0,,,2010
Hà Nội,229.7,1237.5,187.8,204.7,55.0,1125.1,101.8,58.0,590.0,,,,52,102.9,535.1,25.0,45.0,112.4,5.9,51.1,2.1,38.4,2010
Vĩnh Phúc,77.1,388.7,385.8,59.3,53.0,314.3,30.9,55.3,171.0,,,,50.5,28.4,143.3,17.8,41.8,74.4,3.1,27.6,,,2010
Bắc Ninh,76.9,450.8,433.0,74.3,59.2,440.1,37.1,64.5,239.3,,,,54,37.2,200.8,2.6,41.2,10.7,1.0,11.7,,,2010
Quảng Ninh,51.4,232.8,201.6,44.7,46.7,208.6,17.8,50.6,90.1,,,,44.1,26.9,118.5,6.6,36.4,24.0,4.5,27.2,,,2010
Hải Dương,132.2,780.3,455.6,127.5,59.4,757.9,64.1,60.5,387.9,,,,58.4,63.4,370,4.7,47.7,22.4,1.2,11.5,,,2010
Hải Phòng,83.5,499.2,268.7,80.9,60.0,485.5,39.2,63.8,250.1,,,,56.5,41.7,235.4,2.6,52.7,13.7,1.4,16.0,,,2010
Hưng Yên,90.5,563.3,494.9,81.9,62.8,514.6,40.6,63.9,259.5,,,,61.8,41.3,255.1,8.6,56.6,48.7,0.7,10.0,,,2010
Thái Bình,175.6,1153.7,646.4,166.4,66.4,1104.4,82.7,70.6,583.7,,,,62.2,83.7,520.7,9.2,53.6,49.3,3.6,44.7,,,2010
Hà Nam,78.8,459.2,584.0,70.3,59.4,417.4,34.8,63.7,221.6,,,,55.2,35.5,195.8,8.5,49.2,41.8,0.5,6.1,,,2010
Nam Định,163.9,972.5,531.4,159.0,59.9,952.0,78.1,68.2,532.5,,,,51.9,80.9,419.5,4.9,41.8,20.5,2.4,21.7,,,2010
Ninh Bình,88.2,508.6,564.4,81.1,59.9,485.5,41.6,64.2,266.9,,,,55.3,39.5,218.6,7.1,32.5,23.1,2.7,19.4,,,2010
Trung du và miền núi phía Bắc,1127.5,4623.5,413.9,666.4,46.3,3087.8,236.5,54.0,1278.2,,,,42.1,429.9,1809.6,460.6,33.3,1535.4,38.9,256.3,,,2010
Hà Giang,84.4,330.7,450.7,36.5,53.2,194.2,9.3,52.4,48.7,,,,53.5,27.2,145.5,47.6,28.6,136.3,1.4,6.8,4.2,34.2,2010
Cao Bằng,69.2,242.1,471.8,30.5,41.2,125.8,3.0,50.7,15.2,,,,40.2,27.5,110.6,38.5,30.2,116.2,1.6,8.4,2.3,22.7,2010
Bắc Kạn,37.7,151.0,509.1,21.8,43.0,93.7,7.4,48.1,35.6,,,,40.3,14.4,58.1,15.9,36.0,57.3,0.5,2.2,2.2,22.6,2010
Tuyên Quang,62.1,332.5,455.5,45.4,57.7,261.8,19.7,58.2,114.7,,,,57.2,25.7,147.1,16.7,42.3,70.7,4.3,25.8,4.6,60.7,2010
Lào Cai,60.8,228.0,363.8,29.7,42.6,126.4,9.1,54.4,49.5,,,,37.3,20.6,76.9,31.1,32.7,101.6,0.8,4.5,7.8,89.6,2010
Yên Bái,63.6,250.8,333.8,41.0,45.4,186.1,17.4,52.1,90.7,,,,40.4,23.6,95.4,22.6,28.6,64.7,2.7,14.1,13.6,259.6,2010
Thái Nguyên,87.7,415.0,366.8,69.8,48.7,339.8,28.3,51.3,145.3,,,,46.9,41.5,194.5,17.9,42.0,75.2,7.1,43.9,3.9,56.9,2010
Lạng Sơn,69.8,295.5,401.3,49.6,40.0,198.3,15.4,50.7,78.1,,,,35.1,34.2,120.2,20.2,48.1,97.2,2.2,11.0,5.1,50.1,2010
Bắc Giang,124.5,642.7,410.8,112.2,53.3,597.8,52.9,56.1,296.7,,,,50.8,59.3,301.1,12.3,36.5,44.9,8.1,83.0,5.2,70.1,2010
Phú Thọ,89.5,442.7,335.3,68.8,51.2,352.3,35.5,54.1,192.2,,,,48.1,33.3,160.1,20.7,43.7,90.4,3.4,21.0,7.6,96.3,2010
Điện Biên,75.5,222.5,443.9,46.4,33.4,155.1,7.9,58.7,46.4,,,,28.2,38.5,108.7,29.1,23.2,67.4,0.6,3.6,7.2,54.7,2010
Lai Châu,49.7,166.8,438.4,30.3,38.5,116.7,5.4,52.2,28.2,,,,35.5,24.9,88.5,19.4,25.8,50.1,0.4,2.1,5.4,46.7,2010
Sơn La,177.3,564.5,513.6,44.6,33.0,147.1,9.5,57.8,54.9,,,,26.3,35.1,92.2,132.7,31.5,417.4,0.5,3.2,24.6,295.1,2010
Hoà Bình,75.7,338.7,427.2,39.8,48.4,192.7,15.7,52.2,82.0,,,,45.9,24.1,110.7,35.9,40.7,146.0,5.3,26.7,11.3,123.8,2010
Bắc Trung Bộ và Duyên hải miền Trung,1427.5,7002.2,369.8,1214.1,50.7,615.2,561.6,57.8,3243.6,333.6,46.5,1549.8,42.6,318.9,1358.6,213.2,39.9,849.8,53.9,340.6,,,2010
Thanh Hoá,308.0,1612.5,473.4,253.6,55.1,1396.6,121.3,59.9,727.1,,,,50.6,132.3,669.5,54.4,39.7,215.9,11.5,75.9,15.3,172.6,2010
Nghệ An,246.3,1063.2,363.0,183.4,45.2,828.6,87.5,61.8,540.9,58.2,34.6,201.3,22.9,37.7,86.4,62.9,37.3,234.6,11.4,74.4,17.3,382.2,2010
Hà Tĩnh,107.2,442.2,360.0,99.1,41.8,414.4,53.6,50.1,268.6,41.4,34.4,142.6,7.8,4.1,3.2,8.1,34.3,27.8,9.4,58.9,3.4,39.9,2010
Quảng Bình,56.7,254.0,299.3,52.1,45.0,234.7,28.3,53.7,152.0,23.2,35.6,82.5,3.3,0.6,0.2,4.5,42.4,19.1,4.1,28.7,5.9,94.6,2010
Quảng Trị,51.7,221.3,367.8,48.1,44.3,213.0,23.8,51.1,121.6,21.2,4.2,8.9,7.7,3.1,2.4,3.6,23.1,8.3,3.2,23.2,9.8,152.6,2010
Thừa Thiên Huế,55.3,291.2,266.9,53.7,53.1,285.2,27.5,56.1,154.4,25.6,50.7,129.8,16.7,0.6,1,1.6,37.5,6.0,4.3,20.4,7.1,135.1,2010
Đà Nẵng,8.1,45.8,49.4,7.3,56.3,41.1,4.0,57.5,23.0,,,,54.8,3.3,18.1,0.8,58.8,4.7,0.5,3.1,,,2010
Quảng Nam,98.4,468.4,328.2,85.3,48.4,412.7,42.3,50.6,214.0,,,,46.2,43,198.7,13.1,42.5,55.7,6.7,39.0,13.9,189.7,2010
Quảng Ngãi,83.0,443.0,363.5,72.7,53.8,391.2,37.0,55.5,205.5,31.7,55.3,175.4,25.8,4,10.3,10.3,50.3,51.8,0.7,4.2,19.3,332.7,2010
Bình Định,120.9,673.6,451.5,113.1,56.0,633.2,47.7,61.9,295.5,41.3,56.7,234.3,42.9,24.1,103.4,7.8,51.8,40.4,0.3,1.5,13.3,29.6,2010
Phú Yên,63.4,364.0,419.7,56.5,61.4,346.8,26.1,67.1,175.2,23.8,64.6,153.7,27.1,6.6,17.9,6.9,24.9,17.2,0.3,1.6,15.2,176.7,2010
Khánh Hoà,50.2,243.1,208.7,44.2,52.3,231.0,19.5,58.4,113.9,17.4,53.3,92.7,33.4,7.3,24.4,6.0,20.2,12.1,0.2,0.9,6.2,111.4,2010
Ninh Thuận,52.4,234.8,413.2,37.8,49.7,188.0,13.1,60.8,79.6,11.1,54.1,6.0,35.6,13.6,48.4,14.5,32.1,46.6,0.2,2.5,,,2010
Bình Thuận,125.9,645.1,549.0,107.2,50.0,535.5,29.9,57.6,172.3,38.7,48.7,188.5,45.3,38.6,174.7,18.7,58.6,109.6,1.1,6.3,25.7,481.7,2010
Tây Nguyên,454.6,2226.3,427.0,217.8,47.8,1042.1,75.2,56.9,427.8,5.9,41.9,24.7,43.1,136.7,589.6,236.8,50.0,1184.2,14.1,151.5,,,2010
Kon Tum,30.4,106.1,240.0,22.4,34.7,77.7,6.5,46.6,30.3,,,,29.8,15.9,47.4,8.0,35.5,28.4,0.2,1.1,37.7,563.4,2010
Gia Lai,127.3,528.8,406.3,70.4,44.0,310.1,24.0,56.3,135.0,,,,37.7,46.4,175.1,56.9,38.4,218.7,1.7,12.4,52.7,833.3,2010
Đắk Lắk,195.8,1068.8,609.2,80.1,56.3,450.7,29.8,63.8,190.2,,,,51.8,50.3,260.5,115.7,53.4,618.1,3.4,34.2,25.9,47.9,2010
Đắk Nông,51.1,309.6,612.8,11.1,55.7,61.8,4.1,59.0,24.2,,,,53.7,7,37.6,40.0,62.0,247.8,6.6,76.9,14.7,280.6,2010
Lâm Đồng,50.0,213.0,176.9,33.8,42.0,141.8,10.8,44.5,48.1,5.9,41.9,24.7,40.4,17.1,69,16.2,44.0,71.2,2.2,26.9,,48.7,2010
Đông Nam Bộ,374.9,1737.6,119.3,295.1,44.8,1322.7,79.3,50.3,398.6,91.3,42.8,39.1,42.8,124.5,533.1,79.8,52.0,414.9,2.0,16.0,,,2010
Bình Phước,21.3,67.0,75.4,14.6,31.5,46.0,2.9,33.8,9.8,,,,30.9,11.7,36.2,6.7,31.3,21.0,0.8,4.9,20.4,464.2,2010
Tây Ninh,160.1,768.8,716.7,154.2,47.9,738.8,45.9,51.1,234.4,51.9,44.7,23.2,48.3,56.4,272.4,5.9,50.8,30.0,0.4,4.2,40.1,1150.7,2010
Bình Dương,10.6,40.0,24.7,10.1,38.4,38.8,2.7,43.7,11.8,2.1,37.6,7.9,36,5.3,19.1,0.5,24.0,1.2,0.3,2.1,6.5,117.7,2010
Đồng Nai,117.1,604.9,234.9,69.4,46.5,322.9,15.8,55.5,87.7,25.4,42.4,107.8,45.2,28.2,127.4,47.7,59.1,282.0,0.4,4.0,14.8,361.6,2010
Bà Rịa - Vũng Tàu,40.5,162.1,160.2,22.4,37.7,84.5,5.4,48.0,25.9,5.4,33.9,18.3,34.7,11.6,40.3,18.1,42.9,77.6,0.1,0.5,9.2,212.5,2010
TP.Hồ Chí Minh,25.3,94.8,12.8,24.4,37.6,91.7,6.6,43.9,29.0,6.5,38.5,2.5,33.4,11.3,37.7,0.9,34.4,3.1,0.0,0.3,,,2010
Đồng bằng sông Cửu Long,3983.6,2179.6,1269.1,3945.9,54.7,21595.6,1564.6,65.7,1027.6,2005.2,48.5,9720.6,42.5,376.1,1599,37.7,53.2,200.4,14.9,307.1,,,2010
Long An,476.3,2333.3,1617.2,471.1,48.9,2304.8,251.1,57.2,1436.6,207.7,39.9,828.8,32,12.3,39.4,5.2,54.8,28.5,0.1,0.5,0.9,8.7,2010
Tiền Giang,248.7,1336.3,796.4,244.0,54.1,1320.6,81.9,65.6,537.2,162.1,48.3,783.4,..,..,..,4.7,33.4,15.7,0.3,3.3,,,2010
Bến Tre,81.1,370.3,294.7,80.2,45.7,366.8,21.1,57.4,121.2,23.2,39.2,9.1,43.1,35.9,154.6,0.9,38.9,3.5,0.2,2.0,,,2010
Trà Vinh,237.9,118.3,1175.1,232.7,49.7,115.6,59.5,58.3,346.8,81.4,46.6,37.9,46.9,91.8,430.2,5.2,51.9,27.0,1.8,28.8,,,2010
Vĩnh Long,171.3,931.7,907.6,170.0,54.6,928.9,66.9,67.8,453.9,103.1,46.1,47.5,..,..,..,1.3,21.5,2.8,5.8,170.7,0.2,3.1,2010
Đồng Tháp,468.8,283.2,1696.2,465.1,60.4,280.7,207.7,70.9,1472.7,257.4,51.8,1334.3,..,..,..,3.7,67.6,25.0,1.0,24.0,,,2010
An Giang,596.4,3721.5,1731.8,586.6,62.3,3653.1,234.2,73.0,1708.9,34.7,55.4,1920.9,43.1,5.4,23.3,9.8,69.8,68.4,0.2,3.7,0.8,21.6,2010
Kiên Giang,642.7,3497.3,2057.6,642.7,54.4,3497.1,283.9,66.6,1892.1,296.6,46.1,1367.9,38.1,62.2,237.1,,,0.2,1.5,28.9,0.8,15.4,2010
Cần Thơ,210.4,1201.7,1005.5,209.4,57.1,1196.7,89.8,70.6,634.1,119.6,4.7,562.6,..,..,..,1.0,50.0,5.0,0.0,0.5,,,2010
Hậu Giang,212.5,1098.5,1444.6,210.7,51.7,1090.2,84.3,65.1,548.5,126.4,42.9,541.7,..,..,..,1.8,46.1,8.3,0.6,9.7,,,2010
Sóc Trăng,353.3,1980.9,1526.7,349.6,56.3,1966.6,139.6,62.5,872.4,188.2,52.9,995.1,45.5,21.8,99.1,3.7,38.6,14.3,2.6,30.7,,,2010
Bạc Liêu,158.4,810.2,938.5,158.3,51.1,809.5,44.6,56.4,251.6,56.9,50.5,287.3,47.6,56.8,270.6,0.1,70.0,0.7,0.6,3.4,,,2010
Cà Mau,125.8,499.3,412.6,125.5,39.7,498.3,,,,35.6,43.1,153.6,38.3,89.9,344.7,0.3,33.3,1.0,0.2,0.9,,,2010
Cả nước,8777.6,47235.5,537.7,7655.4,55.4,42398.5,3096.8,63.9,19778.3,2589.5,51.8,13402.9,46.8,1969.1,9217.3,1121.3,43.1,4835.6,146.8,1362.1,558.4,9897.9,2011
Đồng bằng sông Hồng,1240.6,7409.8,370.1,1144.5,60.9,6965.9,566.1,66.9,3789.0,,,,54.9,578.5,3176.9,96.0,46.2,443.7,26.1,242.4,,,2011
Hà Nội,229.2,1332.2,198.1,204.9,59.6,1220.3,102.0,62.6,638.8,,,,56.5,102.9,581.5,24.3,4.6,111.9,5.1,46.7,2.1,38.1,2011
Vĩnh Phúc,76.1,405.5,400.9,59.2,56.7,335.7,30.8,59.9,184.6,,,,53.2,28.5,151.1,16.9,41.3,69.8,2.8,24.1,,,2011
Bắc Ninh,76.5,480.5,453.1,73.7,63.5,468.0,36.8,70.5,259.6,,,,56.5,36.9,208.4,2.8,44.6,12.5,0.9,10.2,,,2011
Quảng Ninh,50.3,236.6,202.7,43.9,48.4,212.6,17.2,55.2,94.9,,,,44.1,26.7,117.7,6.3,37.8,23.8,4.5,26.6,,,2011
Hải Dương,130.8,801.5,46.5,126.6,61.7,780.9,63.6,67.8,430.9,,,,55.6,63,350,4.2,4.9,20.6,1.2,12.2,,,2011
Hải Phòng,82.2,498.1,26.5,79.6,60.9,484.4,38.5,67.9,261.3,,,,54.3,41.1,223.1,2.6,52.7,13.7,1.5,15.9,,,2011
Hưng Yên,90.6,579.4,508.3,81.9,64.5,528.6,40.6,69.3,281.4,,,,59.9,41.3,247.2,8.7,58.4,50.8,0.8,11.6,,,2011
Thái Bình,174.9,1140.8,638.8,165.7,65.9,1091.3,82.4,72.6,598.5,,,,59.2,83.3,492.8,9.2,53.8,49.5,3.8,47.7,,,2011
Hà Nam,78.6,468.9,595.9,69.8,60.8,424.6,34.5,66.6,229.7,,,,55.2,35.3,194.9,8.8,50.3,44.3,0.7,8.1,,,2011
Nam Định,163.4,952.6,519.6,158.4,58.8,931.6,78.1,68.8,537.2,,,,49.1,80.3,394.4,5.0,4.2,21.0,2.1,18.7,,,2011
Ninh Bình,88.0,513.7,565.9,80.8,60.4,487.9,41.6,65.4,272.1,,,,55.1,39.2,215.8,7.2,35.8,25.8,2.7,20.6,,,2011
Trung du và miền núi phía Bắc,1137.1,4900.2,434.1,670.9,47.7,3199.1,240.6,56.8,1365.8,,,,42.6,430.2,1833.3,465.7,36.5,1700.8,37.3,250.5,,,2011
Hà Giang,87.5,357.3,478.9,37.3,54.1,201.8,10.0,54.2,54.2,,,,54.1,27.3,147.6,49.9,31.1,155.3,1.6,7.7,0.7,4.7,2011
Cao Bằng,69.3,242.1,47.1,30.1,38.9,117.2,3.3,51.2,16.9,,,,37.4,26.8,100.3,39.0,3.2,124.8,1.5,8.4,2.6,33.6,2011
Bắc Kạn,39.1,162.6,544.4,22.2,44.1,97.9,7.6,53.3,40.5,,,,39.3,14.6,57.4,16.9,38.3,64.7,0.6,2.4,2.6,27.8,2011
Tuyên Quang,62.0,338.3,461.6,45.5,58.4,265.9,19.7,59.9,118.1,,,,57.3,25.8,147.8,16.5,43.9,72.4,3.8,23.2,5.7,7.6,2011
Lào Cai,63.1,251.7,394.8,30.4,46.6,141.7,9.5,55.5,52.7,,,,42.6,20.9,89,32.7,33.6,110.0,0.9,5.2,9.7,113.5,2011
Yên Bái,66.1,267.6,352.8,41.2,47.3,194.8,17.9,53.2,95.2,,,,42.7,23.3,99.6,24.9,29.2,72.8,2.4,12.7,15.3,28.3,2011
Thái Nguyên,89.8,448.7,393.8,71.2,51.7,368.3,29.6,54.9,162.6,,,,49.4,41.6,205.7,18.6,43.2,80.4,7.3,46.3,3.6,52.8,2011
Lạng Sơn,70.5,270.6,365.3,49.6,34.3,169.9,15.5,51.4,79.7,,,,26.5,34.1,90.2,20.9,48.2,100.7,2.2,12.8,5.9,58.5,2011
Bắc Giang,123.3,668.5,424.5,112.5,55.8,627.8,53.2,59.5,316.4,,,,52.6,59.2,311.4,10.8,37.7,40.7,7.7,77.6,5.7,80.4,2011
Phú Thọ,91.1,470.7,354.5,69.7,54.0,376.4,35.8,57.7,206.6,,,,50.1,33.9,169.8,21.4,44.1,94.3,2.8,17.3,8.1,10.5,2011
Điện Biên,77.3,225.8,442.1,47.5,32.6,154.8,7.9,58.7,46.4,,,,27.4,39.6,108.4,29.8,23.8,71.0,0.5,4.8,7.1,54.6,2011
Lai Châu,49.3,171.3,439.7,29.3,40.5,118.6,5.5,52.2,28.7,,,,37.8,23.8,89.9,20.0,26.4,52.7,0.4,2.1,4.5,3.7,2011
Sơn La,171.6,662.5,592.3,44.1,35.3,155.8,9.4,61.2,57.5,,,,28.3,34.7,98.3,127.5,39.8,506.7,0.5,3.4,28.5,351.5,2011
Hoà Bình,77.1,362.5,453.3,40.3,51.7,208.2,15.7,57.5,90.3,,,,47.9,24.6,117.9,36.8,41.9,154.3,5.1,26.6,12.6,146.6,2011
Bắc Trung Bộ và Duyên hải miền Trung,1436.7,7372.7,38.7,1228.8,53.2,6535.1,567.4,58.7,3332.3,338.6,52.6,1781.3,44,322.8,1421.5,207.6,40.3,836.9,49.5,314.3,,,2011
Thanh Hoá,309.9,1641.4,480.8,257.1,55.5,1427.4,122.1,62.9,768.5,,,,48.8,135,658.9,52.8,40.5,214.0,11.5,76.5,16.3,203.1,2011
Nghệ An,243.9,1171.6,398.3,186.0,51.6,959.9,88.4,65.2,576.6,54.3,46.4,251.9,30.3,43.3,131.4,57.9,36.5,211.6,10.4,68.9,2.1,458.6,2011
Hà Tĩnh,107.8,495.7,403.3,99.1,47.5,470.9,54.0,52.7,284.6,41.7,43.3,180.6,16.8,3.4,5.7,8.7,28.5,24.8,7.9,50.4,3.8,54.5,2011
Quảng Bình,57.5,281.4,329.7,52.8,49.3,260.2,28.6,57.6,164.6,23.6,40.2,94.8,13.3,0.6,0.8,4.6,45.7,21.0,4.1,28.5,5.7,96.2,2011
Quảng Trị,52.1,232.6,384.7,48.5,46.3,224.7,24.3,53.7,130.4,21.6,42.5,91.9,9.2,2.6,2.4,3.6,21.9,7.9,2.9,20.5,10.7,171.9,2011
Thừa Thiên Huế,55.2,305.3,276.8,53.5,55.9,299.1,27.4,55.8,153.0,25.5,56.9,14.5,18.3,0.6,1.1,1.7,36.5,6.2,4.1,1.9,7.8,149.3,2011
Đà Nẵng,7.3,38.8,40.8,6.5,52.9,34.4,3.5,52.0,18.2,,,,54,3,16.2,0.8,5.5,4.4,0.4,2.6,,,2011
Quảng Nam,100.8,473.6,329.4,87.7,47.7,417.9,42.9,47.1,201.9,,,,48.2,44.8,216,13.1,42.5,55.7,5.5,32.2,15.1,214.6,2011
Quảng Ngãi,82.7,43.3,354.5,72.5,52.5,380.4,37.0,50.6,187.3,31.9,57.4,183.1,27.8,3.6,10,10.2,51.6,52.6,0.6,3.7,21.5,367.3,2011
Bình Định,120.4,69.3,462.6,112.4,57.8,649.3,47.8,62.4,298.1,42.4,59.5,252.1,44.6,22.2,99.1,8.0,54.6,43.7,0.3,1.5,13.5,317.8,2011
Phú Yên,64.0,365.2,419.2,57.4,60.0,344.2,26.4,59.4,156.9,24.4,68.5,167.2,30.5,6.6,20.1,6.6,31.8,21.0,0.3,1.5,17.9,28.0,2011
Khánh Hoà,51.5,254.5,217.1,45.2,53.4,241.2,19.5,56.8,110.8,18.7,56.3,105.3,35.9,7,25.1,6.3,21.1,13.3,0.2,1.1,6.7,120.6,2011
Ninh Thuận,54.8,280.1,491.3,38.8,57.5,223.2,14.3,63.0,90.1,14.3,59.2,84.7,47.5,10.2,48.4,15.8,35.8,56.5,0.2,1.7,,,2011
Bình Thuận,128.8,706.5,597.8,111.3,54.1,602.3,31.2,61.3,191.3,40.2,55.9,224.7,46.7,39.9,186.3,17.5,59.5,104.2,1.1,6.2,31.4,584.5,2011
Tây Nguyên,456.8,2278.2,431.5,224.2,47.6,1067.7,77.9,52.2,406.3,6.2,4.5,27.9,45.2,140.1,633.5,232.6,5.2,1210.4,14.1,154.4,,,2011
Kon Tum,29.9,103.2,228.5,22.6,34.1,77.0,6.6,41.5,27.4,,,,31,16,49.6,7.3,35.9,26.2,0.1,0.1,41.7,62.9,2011
Gia Lai,121.2,50.1,378.9,70.5,41.6,293.3,24.4,46.1,112.6,,,,39.2,46.1,180.7,50.7,4.1,207.7,1.4,10.1,63.4,1016.7,2011
Đắk Lắk,200.5,1116.6,630.2,84.5,56.1,474.3,31.2,60.1,187.5,,,,53.8,53.3,286.8,116.0,55.4,642.3,3.2,3.3,3.2,61.0,2011
Đắk Nông,54.1,320.8,622.2,12.3,52.8,64.9,4.5,55.3,24.9,,,,51.3,7.8,40,41.8,61.2,255.8,7.1,80.8,17.7,326.2,2011
Lâm Đồng,51.1,236.6,194.1,34.3,46.1,158.2,11.2,48.1,53.9,6.2,4.5,27.9,45.2,16.9,76.4,16.8,46.7,78.4,2.3,29.5,,80.2,2011
Đông Nam Bộ,371.8,1787.8,120.2,293.1,46.4,1361.2,77.3,51.9,401.5,93.7,46.4,435.2,43,122.1,524.5,78.7,54.2,426.6,1.9,14.5,,,2011
Bình Phước,18.7,59.6,66.1,13.4,32.0,42.9,2.7,34.8,9.4,,,,31.3,10.7,33.5,5.3,31.5,16.7,0.7,4.3,21.6,491.3,2011
Tây Ninh,160.7,788.5,729.4,155.5,49.0,762.4,45.8,53.4,244.6,52.9,47.8,253.1,46.6,56.8,264.7,5.2,50.2,26.1,0.5,4.8,45.7,1325.9,2011
Bình Dương,10.3,39.5,23.4,9.8,39.3,38.5,3.0,45.7,13.7,1.9,38.4,7.3,35.7,4.9,17.5,0.5,2.0,1.0,0.2,1.8,6.5,114.4,2011
Đồng Nai,118.6,641.6,241.4,68.7,48.9,336.2,15.0,55.8,83.7,25.5,47.4,120.8,46.7,28.2,131.7,49.9,61.2,305.4,0.3,2.7,1.6,388.9,2011
Bà Rịa - Vũng Tàu,40.9,170.5,166.1,23.7,40.3,95.4,5.4,48.1,26.0,7.4,4.0,29.6,36.5,10.9,39.8,17.2,43.7,75.1,0.2,0.6,9.6,231.6,2011
TP.Hồ Chí Minh,22.6,88.1,11.7,22.0,39.0,85.8,5.4,44.6,24.1,0.6,40.7,24.4,35.2,10.6,37.3,0.6,38.3,2.3,0.0,0.3,,,2011
Đồng bằng sông Cửu Long,4134.6,23486.8,1355.9,4093.9,56.8,23269.5,1567.5,66.9,10483.4,215.1,51.9,11158.5,43.4,375.4,1627.6,40.7,53.4,217.2,17.9,38.6,,,2011
Long An,489.1,2576.6,1777.1,484.2,52.7,2550.7,254.0,58.5,1486.0,220.2,46.8,1031.5,33.2,10,33.2,4.9,52.9,25.9,0.2,1.2,,15.4,2011
Tiền Giang,246.8,1349.4,80.2,241.8,55.1,1332.8,81.0,66.7,540.4,160.8,49.3,792.4,..,..,..,5.0,3.3,16.5,0.3,3.8,,,2011
Bến Tre,77.9,366.1,291.1,76.9,47.1,362.2,20.2,52.3,105.6,23.1,46.6,107.7,44.3,33.6,148.9,1.0,3.9,3.9,0.1,1.2,,,2011
Trà Vinh,238.7,1184.3,1170.1,233.0,49.6,1155.3,61.1,47.4,289.6,8.1,53.3,431.9,47.7,90.9,433.8,5.7,50.9,29.0,1.8,26.1,,,2011
Vĩnh Long,183.0,1035.5,1006.2,181.5,56.9,1032.3,65.8,66.1,434.8,115.7,51.6,597.5,..,..,..,1.5,21.3,3.2,8.5,248.2,,3.2,2011
Đồng Tháp,506.0,3131.8,1871.7,501.1,61.9,3100.2,206.9,71.6,1482.0,294.2,5.5,1618.2,..,..,..,4.9,64.5,31.6,1.7,39.5,,,2011
An Giang,618.0,3933.6,1828.3,607.6,63.5,3856.8,235.5,75.1,1768.8,366.7,56.3,2064.7,43.1,5.4,23.3,10.4,73.8,76.8,0.3,6.4,,25.2,2011
Kiên Giang,687.0,3921.4,2290.4,686.9,57.1,3921.1,287.2,69.5,1995.5,345.3,49.9,1723.6,37.1,54.4,202,0.1,3.0,0.3,0.8,14.4,,3.2,2011
Cần Thơ,225.8,1295.2,1076.9,224.7,57.4,1289.7,88.7,71.6,635.1,13.6,48.1,654.6,..,..,..,1.1,5.0,5.5,0.2,2.1,,,2011
Hậu Giang,214.4,1136.5,1480.6,212.7,53.1,1128.5,83.0,67.0,556.3,129.7,44.1,572.2,..,..,..,1.7,47.1,8.0,0.5,6.9,,,2011
Sóc Trăng,352.7,2104.4,1618.5,349.0,59.9,2090.6,138.3,63.9,884.0,187.1,58.9,1102.9,43.9,23.6,103.7,3.7,37.3,13.8,2.7,3.2,,,2011
Bạc Liêu,164.4,909.6,1043.8,164.3,55.3,908.9,45.8,66.7,305.3,55.8,5.4,301.1,48.2,62.7,302.5,0.1,7.0,0.7,0.6,3.3,,,2011
Cà Mau,130.8,542.4,447.5,130.2,41.5,540.4,,,,35.4,45.3,160.2,40.1,94.8,380.2,0.6,33.3,2.0,0.2,0.9,,,2011
Cả nước,8918.9,48712.6,548.7,7761.2,56.4,43737.8,3124.3,64.9,20291.9,2659.1,52.5,13958.0,1977.8,48.0,9487.9,1156.6,43.0,4973.6,141.7,1427.3,551.9,9735.4,2012
Đồng bằng sông Hồng,1225.2,7285.2,359.9,1138.7,60.4,6881.3,565.2,66.2,3739.2,,,,573.5,54.8,3142.1,86.4,46.7,403.7,24.1,228.0,,,2012
Hà Nội,225.9,1301.9,190.4,205.4,58.5,1202.4,102.7,61.8,634.2,,,,102.7,55.3,568.2,20.5,48.5,99.5,4.4,41.2,2.1,40.2,2012
Vĩnh Phúc,73.1,355.6,347.8,59.4,50.5,299.8,31.1,59.3,184.5,,,,28.3,40.7,115.3,13.7,40.7,55.8,2.6,23.6,,,2012
Bắc Ninh,76.9,471.9,434.6,72.6,62.5,453.4,36.5,68.8,251.1,,,,36.1,56.0,202.3,4.3,43.0,18.5,0.8,9.2,,,2012
Quảng Ninh,49.7,239.2,203.1,43.6,49.7,216.5,17.2,54.3,93.4,,,,26.4,46.6,123.1,6.0,37.5,22.5,4.2,24.7,,,2012
Hải Dương,130.0,800.6,460.5,126.4,61.9,782.3,63.6,65.7,418.0,,,,62.8,58.0,364.3,3.6,50.8,18.3,1.0,9.7,,,2012
Hải Phòng,81.0,499.1,262.1,79.2,61.9,490.1,38.5,69.1,265.9,,,,40.7,55.1,224.2,1.8,50.0,9.0,1.3,13.8,,,2012
Hưng Yên,89.6,574.9,501.8,81.8,64.6,528.6,40.7,68.2,277.4,,,,41.1,61.1,251.2,7.8,59.4,46.3,0.7,9.3,,,2012
Thái Bình,172.1,1110.1,621.1,162.8,65.1,1059.5,81.1,71.7,581.2,,,,81.7,58.5,478.3,9.3,54.4,50.6,4.0,51.3,,,2012
Hà Nam,77.6,469.0,594.1,69.0,61.5,424.5,34.2,66.1,226.1,,,,34.8,57.0,198.4,8.6,51.7,44.5,0.8,9.7,,,2012
Nam Định,162.0,953.7,519.7,157.3,59.4,933.8,77.7,68.9,535.2,,,,79.6,50.1,398.6,4.7,42.3,19.9,2.1,18.3,,,2012
Ninh Bình,87.3,509.2,554.2,81.2,60.4,490.4,41.9,65.0,272.2,,,,39.3,55.5,218.2,6.1,30.8,18.8,2.2,17.2,,,2012
Trung du và miền núi phía Bắc,1180.5,5115.3,448.7,678.0,48.2,3271.1,245.6,56.3,1382.7,,,,432.4,43.7,1888.4,502.0,36.7,1844.0,34.7,231.2,,,2012
Hà Giang,90.2,371.7,489.9,37.4,54.3,202.9,9.9,52.9,52.4,,,,27.5,54.7,150.5,52.5,32.1,168.7,1.6,7.7,5.1,41.5,2012
Cao Bằng,70.2,250.2,485.6,30.7,40.1,123.1,3.2,50.9,16.3,,,,27.5,38.8,106.8,39.3,32.3,127.0,1.5,8.3,2.7,32.2,2012
Bắc Kạn,38.8,166.2,551.8,22.3,46.8,104.4,7.7,53.6,41.3,,,,14.6,43.2,63.1,16.5,37.5,61.8,0.5,2.1,2.5,27.0,2012
Tuyên Quang,59.9,327.1,442.1,45.8,58.2,266.7,20.1,59.4,119.4,,,,25.7,57.3,147.3,14.1,42.8,60.4,2.9,17.5,4.8,62.6,2012
Lào Cai,64.3,259.9,401.7,30.6,47.2,144.3,9.8,55.9,54.8,,,,20.8,43.0,89.5,33.7,34.3,115.6,0.9,5.1,9.3,115.1,2012
Yên Bái,65.1,273.2,356.8,40.4,48.9,197.7,18.2,54.1,98.4,,,,22.2,44.7,99.3,24.7,30.6,75.5,2.8,14.8,16.2,304.1,2012
Thái Nguyên,90.5,443.8,386.2,72.6,50.6,367.4,30.2,52.6,159.0,,,,42.4,49.2,208.4,17.9,42.7,76.4,6.3,39.6,3.8,55.8,2012
Lạng Sơn,72.1,306.6,411.4,50.3,40.3,202.8,16.1,52.1,83.9,,,,34.2,34.8,118.9,21.8,47.6,103.8,2.3,12.1,6.0,61.8,2012
Bắc Giang,120.7,662.7,418.3,112.1,56.1,629.1,53.2,59.4,316.0,,,,58.9,53.2,313.1,8.6,39.1,33.6,6.7,67.4,5.8,81.1,2012
Phú Thọ,86.6,454.6,339.6,69.2,54.3,375.5,36.7,57.5,211.1,,,,32.5,50.6,164.4,17.4,45.5,79.1,2.8,18.8,9.2,122.0,2012
Điện Biên,77.5,229.5,441.6,48.3,32.7,157.9,8.2,58.5,48.0,,,,40.1,27.4,109.9,29.2,24.5,71.6,0.6,6.5,7.0,54.4,2012
Lai Châu,50.2,178.8,450.2,28.8,41.5,119.4,5.7,53.7,30.6,,,,23.1,38.4,88.8,21.4,27.8,59.4,0.4,2.2,4.4,35.6,2012
Sơn La,216.9,830.2,731.9,48.2,33.8,162.9,10.1,59.6,60.2,,,,38.1,27.0,102.7,168.7,39.6,667.3,0.4,2.6,28.1,352.6,2012
Hoà Bình,77.5,360.8,448.3,41.3,52.5,217.0,16.5,55.3,91.3,,,,24.8,50.7,125.7,36.2,39.7,143.8,5.0,26.5,12.3,145.7,2012
Bắc Trung Bộ và Duyên hải miền Trung,1439.2,7554.7,393.7,1236.4,54.4,6727.2,572.0,60.2,3443.2,347.6,52.1,1812.4,316.8,46.5,1471.6,202.4,40.8,826.8,45.1,284.8,,,2012
Thanh Hoá,305.8,1682.1,489.4,256.7,57.8,1482.5,122.6,64.3,788.4,,,,134.1,51.8,694.1,49.1,40.7,199.6,10.4,70.9,16.8,218.9,2012
Nghệ An,242.0,1170.5,395.6,186.1,52.1,969.8,88.7,65.1,577.4,59.4,45.2,268.2,38.0,32.7,124.2,55.8,35.9,200.6,8.7,55.1,19.3,429.1,2012
Hà Tĩnh,105.7,500.9,406.5,99.3,48.6,482.3,54.8,53.6,293.6,41.9,43.7,183.3,2.6,20.8,5.4,6.4,29.1,18.6,6.7,41.4,3.8,53.2,2012
Quảng Bình,58.1,284.0,330.9,53.4,49.1,262.4,28.9,58.1,167.8,24.0,39.1,93.8,0.5,16.0,0.8,4.6,46.3,21.3,4.0,28.2,5.7,97.3,2012
Quảng Trị,52.8,250.5,411.9,49.0,49.1,240.6,24.7,53.8,132.8,21.9,48.2,105.5,2.4,9.6,2.3,3.8,26.1,9.9,2.9,20.3,10.7,168.6,2012
Thừa Thiên Huế,55.5,305.9,274.8,53.8,55.6,299.0,27.4,56.9,155.8,25.6,55.5,142.0,0.8,15.0,1.2,1.7,40.6,6.9,4.1,19.6,7.6,140.2,2012
Đà Nẵng,6.5,38.8,39.9,5.9,59.8,35.3,3.2,61.6,19.7,,,,2.7,57.8,15.6,0.6,58.3,3.5,0.3,2.0,,,2012
Quảng Nam,102.0,505.9,349.1,88.6,50.5,447.3,43.3,54.7,236.8,,,,45.3,46.5,210.5,13.4,43.7,58.6,5.3,31.7,14.3,217.0,2012
Quảng Ngãi,84.1,462.1,375.8,73.5,55.3,406.8,37.6,56.2,211.3,33.2,56.7,188.4,2.7,26.3,7.1,10.6,52.2,55.3,0.7,4.1,21.5,391.1,2012
Bình Định,119.5,697.8,464.4,111.2,58.6,651.8,47.7,63.0,300.5,42.9,59.8,256.6,20.6,46.0,94.7,8.3,55.4,46.0,0.3,1.7,13.6,319.5,2012
Phú Yên,63.1,368.7,420.2,57.1,60.6,346.0,26.3,63.3,166.6,24.5,64.7,158.4,6.3,33.3,21.0,6.0,37.8,22.7,0.3,1.3,19.1,305.7,2012
Khánh Hoà,53.7,260.6,220.4,47.1,52.3,246.5,19.9,55.9,111.3,19.1,55.7,106.3,8.1,35.7,28.9,6.6,21.4,14.1,0.2,1.1,6.3,120.2,2012
Ninh Thuận,57.5,290.0,502.3,41.5,57.1,236.8,14.3,60.2,86.1,14.5,59.3,86.0,12.7,50.9,64.7,15.8,33.5,52.9,0.2,1.8,,,2012
Bình Thuận,132.9,736.9,617.9,113.2,54.8,620.1,32.6,59.8,195.1,40.6,55.1,223.9,40.0,50.3,201.1,19.7,59.3,116.8,1.0,5.6,32.8,511.4,2012
Tây Nguyên,476.7,2378.9,442.8,229.7,49.6,1138.8,80.7,58.1,468.5,6.3,48.7,30.7,142.7,44.8,639.6,246.9,50.2,1240.0,14.0,159.6,,,2012
Kon Tum,30.5,110.1,238.0,23.3,36.0,83.8,6.9,45.5,31.4,,,,16.4,32.0,52.4,7.2,36.5,26.3,0.1,1.1,39.7,600.0,2012
Gia Lai,126.7,540.9,403.4,73.4,45.3,332.6,25.4,57.6,146.2,,,,48.0,38.8,186.4,53.3,39.1,208.3,1.5,11.1,58.6,985.0,2012
Đắk Lắk,207.0,1110.1,617.6,87.4,56.1,490.6,33.0,63.4,209.3,,,,54.4,51.7,281.3,119.6,51.8,619.5,3.3,36.5,25.7,472.8,2012
Đắk Nông,61.5,366.5,679.3,12.3,55.8,68.6,4.5,58.9,26.5,,,,7.8,54.0,42.1,49.1,60.7,297.8,7.1,84.7,22.8,395.1,2012
Lâm Đồng,51.0,251.3,204.0,33.3,49.0,163.2,10.9,50.6,55.1,6.3,48.7,30.7,16.1,48.1,77.4,17.7,49.8,88.1,2.0,26.2,,,2012
Đông Nam Bộ,373.7,1843.9,121.6,294.4,47.5,1398.6,80.6,52.6,424.1,92.7,47.2,437.9,121.1,44.3,536.6,79.3,56.2,445.3,1.4,11.1,,,2012
Bình Phước,20.1,66.0,72.4,14.6,32.3,47.2,3.6,33.9,12.2,,,,11.0,31.8,35.0,5.5,34.2,18.8,0.5,3.0,20.8,470.0,2012
Tây Ninh,160.5,804.4,738.0,155.3,50.1,778.1,47.6,53.8,255.9,51.3,48.6,249.3,56.4,48.4,272.9,5.2,50.6,26.3,0.3,2.8,45.4,1317.3,2012
Bình Dương,10.0,38.8,22.2,9.6,39.5,37.9,2.9,46.2,13.4,1.9,37.4,7.1,4.8,36.3,17.4,0.4,22.5,0.9,0.2,1.7,6.3,112.3,2012
Đồng Nai,119.6,670.8,247.0,68.4,50.1,342.7,14.7,57.2,84.1,25.7,48.5,124.7,28.0,47.8,133.9,51.2,64.1,328.1,0.3,3.0,14.9,366.8,2012
Bà Rịa - Vũng Tàu,40.3,168.3,162.0,24.1,41.4,99.7,5.4,51.5,27.8,7.8,41.0,32.0,10.9,36.6,39.9,16.2,42.3,68.6,0.1,0.6,8.3,212.0,2012
TP.Hồ Chí Minh,23.2,95.6,12.5,22.4,41.5,93.0,6.4,48.0,30.7,6.0,41.3,24.8,10.0,37.5,37.5,0.8,32.5,2.6,,,,,2012
Đồng bằng sông Cửu Long,4223.6,24534.6,1410.1,4184.0,58.1,24320.8,1580.2,68.6,10834.2,2212.5,52.8,11677.0,391.3,46.2,1809.6,39.6,54.0,213.8,22.4,512.6,,,2012
Long An,503.6,2687.3,1840.2,499.6,53.3,2663.5,262.1,60.9,1596.5,227.4,45.3,1030.6,10.1,36.0,36.4,4.0,59.5,23.8,0.1,1.0,1.3,20.9,2012
Tiền Giang,246.0,1385.4,818.6,241.4,56.8,1370.0,80.6,69.8,562.3,160.8,50.2,807.7,,,,4.6,33.5,15.4,0.4,4.5,,,2012
Bến Tre,76.7,378.4,300.6,75.8,49.5,375.0,20.0,57.8,115.6,22.2,47.4,105.2,33.6,45.9,154.2,0.9,37.8,3.4,0.1,1.3,,,2012
Trà Vinh,232.9,1284.2,1261.4,227.4,55.3,1258.0,58.2,62.3,362.6,80.2,54.2,434.8,89.0,51.8,460.6,5.5,47.6,26.2,1.8,28.9,,,2012
Vĩnh Long,187.4,1082.9,1046.8,185.9,58.1,1079.6,63.8,68.1,434.5,122.1,52.8,645.1,,,,1.5,22.0,3.3,11.8,344.7,0.2,3.2,2012
Đồng Tháp,492.2,3085.2,1841.7,487.6,62.6,3051.8,208.3,72.2,1504.8,279.3,55.4,1547.0,,,,4.6,72.6,33.4,2.4,58.3,,,2012
An Giang,635.8,4017.4,1865.3,625.1,63.1,3941.6,235.9,74.0,1746.1,383.3,56.5,2165.8,5.9,50.3,29.7,10.7,70.8,75.8,0.3,5.6,1.0,27.3,2012
Kiên Giang,725.2,4287.4,2482.9,725.1,59.1,4287.1,292.2,70.6,2061.7,368.5,52.9,1950.5,64.4,42.7,274.9,0.1,30.0,0.3,1.0,17.8,0.5,12.3,2012
Cần Thơ,229.3,1325.3,1091.6,228.2,57.8,1319.8,87.8,72.9,640.0,140.4,48.4,679.8,,,,1.1,50.0,5.5,0.9,10.5,,,2012
Hậu Giang,216.3,1190.2,1543.7,214.1,55.1,1179.9,77.9,71.1,554.2,136.2,45.9,625.7,,,,2.2,46.8,10.3,0.4,5.9,,,2012
Sóc Trăng,369.7,2265.9,1738.9,365.9,61.5,2251.8,138.8,65.5,909.8,200.5,60.6,1214.6,26.6,47.9,127.4,3.8,37.1,14.1,2.4,29.7,,,2012
Bạc Liêu,178.8,987.3,1130.2,178.7,55.2,986.7,54.6,63.4,346.1,55.8,53.7,299.4,68.3,50.0,341.2,0.1,60.0,0.6,0.6,3.4,,,2012
Cà Mau,129.7,557.7,458.4,129.2,43.0,556.0,,,,35.8,47.7,170.8,93.4,41.2,385.2,0.5,34.0,1.7,0.2,1.0,,,2012
Cả nước,9074.0,49231.6,548.5,7902.5,55.7,44039.1,3105.6,64.6,20069.7,2659.1,52.0,14623.4,1986.1,0.0,9346.0,1170.4,44.4,5191.2,135.0,1358.1,543.9,9757.3,2013
Đồng bằng sông Hồng,1218.3,7062.7,344.8,1129.9,58.9,6655.4,561.3,65.7,3687.5,,,,568.6,52.2,2967.9,88.3,46.1,407.1,22.4,213.2,,,2013
Hà Nội,225.0,1256.5,180.1,204.3,56.6,1156.5,102.3,61.2,625.6,,,,102.0,52.0,530.9,20.7,48.3,100.0,4.0,40.4,2.1,40.6,2013
Vĩnh Phúc,74.8,373.6,362.9,59.0,52.3,308.4,30.9,60.3,186.3,,,,28.1,43.5,122.1,15.8,41.3,65.2,2.5,24.4,,,2013
Bắc Ninh,76.3,442.5,399.3,72.5,58.5,424.2,36.4,67.0,243.8,,,,36.1,50.0,180.4,3.8,48.2,18.3,0.6,7.5,,,2013
Quảng Ninh,48.9,232.9,196.1,43.0,48.9,210.4,17.2,53.4,91.9,,,,25.8,45.9,118.5,5.8,38.4,22.3,4.0,23.7,,,2013
Hải Dương,130.1,760.8,434.3,125.9,58.8,739.8,63.4,63.5,402.3,,,,62.5,54.0,337.5,4.2,50.0,21.0,0.9,8.6,,,2013
Hải Phòng,79.8,498.1,258.7,78.2,62.7,490.2,38.0,69.1,262.6,,,,40.2,56.6,227.6,1.6,49.4,7.9,1.4,14.5,,,2013
Hưng Yên,89.1,548.0,475.8,80.7,62.2,502.1,40.4,67.6,273.2,,,,40.3,56.8,228.9,8.4,54.6,45.9,0.7,10.2,,,2013
Thái Bình,171.1,1098.0,614.0,161.8,65.1,1053.2,80.5,71.5,575.7,,,,81.3,58.7,477.5,9.3,48.2,44.8,3.2,37.4,,,2013
Hà Nam,76.6,437.5,549.6,68.2,57.9,395.1,33.8,66.4,224.6,,,,34.4,49.6,170.5,8.4,50.5,42.4,0.8,9.7,,,2013
Nam Định,159.6,932.4,506.8,155.4,58.9,914.6,76.5,69.0,527.8,,,,78.9,49.0,386.8,4.2,42.4,17.8,1.9,17.4,,,2013
Ninh Bình,87.0,482.4,520.3,80.9,57.0,460.9,41.9,65.3,273.7,,,,39.0,48.0,187.2,6.1,35.2,21.5,2.4,19.4,,,2013
Trung du và miền núi phía Bắc,1194.2,5164.9,447.7,689.2,47.4,3265.6,248.0,56.6,1403.2,,,,441.2,42.2,1862.4,504.5,37.6,1899.1,34.9,234.2,,,2013
Hà Giang,90.3,383.9,494.9,37.4,55.3,206.9,9.7,55.9,54.2,,,,27.7,55.1,152.7,52.6,33.6,176.9,1.5,6.9,5.0,40.3,2013
Cao Bằng,69.4,257.0,496.2,30.4,41.3,125.6,3.4,52.1,17.7,,,,27.0,40.0,107.9,38.8,33.8,131.3,1.5,7.8,3.0,40.8,2013
Bắc Kạn,39.4,174.2,570.8,23.0,46.7,107.3,7.9,53.9,42.6,,,,15.1,42.8,64.7,16.4,40.8,66.9,0.5,2.7,3.1,33.2,2013
Tuyên Quang,62.1,337.6,451.8,45.9,58.1,266.6,20.3,59.6,121.0,,,,25.6,56.9,145.6,16.2,43.8,71.0,3.6,22.3,4.3,55.5,2013
Lào Cai,65.2,269.1,410.3,30.5,48.2,146.9,9.8,56.1,55.0,,,,20.7,44.4,91.9,34.7,35.2,122.2,0.9,5.4,9.2,114.9,2013
Yên Bái,67.2,283.0,365.4,40.5,49.0,198.5,18.7,54.0,100.9,,,,21.8,44.8,97.6,26.7,31.6,84.5,2.8,15.4,16.9,325.0,2013
Thái Nguyên,91.2,444.6,384.6,72.2,50.3,363.0,30.1,53.8,161.8,,,,42.1,47.8,201.2,19.0,42.9,81.6,6.1,38.8,3.7,55.7,2013
Lạng Sơn,72.8,313.5,418.1,50.8,41.0,208.1,16.1,52.1,83.9,,,,34.7,35.8,124.2,22.0,47.9,105.4,2.1,11.7,5.5,56.5,2013
Bắc Giang,120.9,623.9,388.0,111.6,52.7,588.6,53.2,59.2,314.8,,,,58.4,46.9,273.8,9.3,38.0,35.3,6.6,67.6,5.9,82.3,2013
Phú Thọ,88.4,464.0,343.4,69.8,54.4,379.6,36.7,58.0,212.7,,,,33.1,50.4,166.9,18.6,45.4,84.4,2.9,18.4,8.7,116.6,2013
Điện Biên,78.3,235.8,446.2,49.0,33.0,161.6,8.3,54.8,45.5,,,,40.7,28.5,116.1,29.3,25.3,74.2,0.6,7.0,7.2,57.3,2013
Lai Châu,51.5,183.5,452.3,30.3,41.7,126.2,6.1,53.0,32.3,,,,24.2,38.8,93.9,21.2,27.0,57.3,0.4,1.9,4.5,36.8,2013
Sơn La,219.5,836.0,726.6,56.7,32.0,181.3,11.1,60.5,67.1,,,,45.6,25.0,114.2,162.8,40.2,654.7,0.4,2.5,28.0,345.9,2013
Hoà Bình,78.0,358.8,442.8,41.1,50.0,205.4,16.6,56.4,93.7,,,,24.5,45.6,111.7,36.9,41.6,153.4,5.0,25.8,12.2,146.3,2013
Bắc Trung Bộ và Duyên hải miền Trung,1436.8,7492.3,386.5,1230.4,53.6,6599.7,575.1,59.6,3425.3,347.6,50.6,1737.9,312.1,46.0,1436.5,206.0,43.3,891.8,42.7,272.0,,,2013
Thanh Hoá,308.3,1650.0,474.5,256.3,55.9,1431.5,122.5,62.0,759.9,,,,133.8,50.2,671.6,52.0,42.0,218.5,9.7,66.6,16.1,215.9,2013
Nghệ An,240.5,1160.6,385.4,184.2,50.5,930.1,88.7,61.2,543.2,59.4,45.3,271.3,35.6,32.5,115.6,56.2,41.0,230.4,8.1,52.7,18.3,424.5,2013
Hà Tĩnh,106.4,505.9,405.0,98.7,48.5,479.0,55.4,54.9,303.9,41.9,41.5,171.5,2.0,18.0,3.6,7.7,34.9,26.9,6.7,39.4,3.7,47.3,2013
Quảng Bình,58.1,274.0,317.4,53.5,47.1,251.9,29.0,57.5,166.8,24.0,35.3,84.8,0.5,6.0,0.3,4.5,48.4,21.8,3.9,28.3,5.6,98.8,2013
Quảng Trị,53.7,233.6,381.1,50.1,44.7,224.1,25.4,50.0,127.1,21.9,42.5,94.8,2.4,9.2,2.2,3.6,26.4,9.5,2.7,19.4,11.0,176.4,2013
Thừa Thiên Huế,55.3,291.3,259.5,53.7,53.1,284.9,27.6,57.6,159.1,25.6,49.1,124.7,0.7,15.7,1.1,1.6,40.0,6.4,3.8,18.4,7.2,132.2,2013
Đà Nẵng,5.9,34.3,34.8,5.4,58.0,31.3,2.9,61.7,17.9,,,,2.5,53.6,13.4,0.5,60.0,3.0,0.3,2.0,,,2013
Quảng Nam,100.6,495.8,338.9,87.9,50.1,440.3,43.1,55.3,238.2,,,,44.8,45.1,202.1,12.7,43.7,55.5,4.9,29.4,13.3,210.0,2013
Quảng Ngãi,85.4,468.5,379.0,74.8,55.1,412.3,38.9,56.8,221.0,33.2,55.1,186.7,2.0,23.0,4.6,10.6,53.0,56.2,0.6,3.7,20.5,375.7,2013
Bình Định,110.9,654.0,433.3,102.5,59.2,606.8,45.7,63.4,289.7,42.9,60.5,231.1,18.6,46.2,86.0,8.4,56.2,47.2,0.3,1.7,13.8,333.6,2013
Phú Yên,64.1,386.5,438.2,57.8,62.9,363.8,26.9,67.5,181.7,24.5,48.7,162.5,5.9,33.2,19.6,6.3,36.0,22.7,0.3,1.7,22.3,378.5,2013
Khánh Hoà,53.3,272.6,229.4,46.6,55.4,258.0,20.4,60.4,123.3,19.1,57.4,107.3,7.5,36.5,27.4,6.7,21.8,14.6,0.2,1.0,6.2,121.2,2013
Ninh Thuận,59.2,307.0,524.9,43.6,56.7,247.1,15.0,61.6,92.4,14.5,57.5,78.8,14.9,50.9,75.9,15.4,38.6,59.5,0.2,1.7,,,2013
Bình Thuận,135.1,758.2,632.1,115.3,55.4,638.6,33.6,59.9,201.1,40.6,55.0,224.4,40.9,52.1,213.1,19.8,60.4,119.6,1.0,6.0,32.2,501.2,2013
Tây Nguyên,484.2,2454.2,450.7,232.4,49.5,1151.2,80.1,56.2,449.9,6.3,48.7,30.2,146.1,45.9,671.1,251.7,51.8,1302.9,13.9,168.9,,,2013
Kon Tum,30.7,110.4,233.3,23.4,35.8,83.7,7.1,44.5,31.6,,,,16.3,32.0,52.1,7.3,36.6,26.7,0.1,1.1,39.0,590.0,2013
Gia Lai,126.6,542.9,399.4,74.0,44.7,330.5,25.7,53.9,138.5,,,,48.3,39.8,192.0,52.6,40.4,212.4,1.3,11.7,55.2,960.2,2013
Đắk Lắk,213.3,1174.6,647.9,90.3,56.9,514.1,32.4,62.5,202.6,,,,57.9,53.8,311.5,123.0,53.7,660.5,3.0,35.3,29.3,571.3,2013
Đắk Nông,64.7,386.0,695.4,12.3,54.1,66.6,4.4,56.4,24.8,,,,7.9,52.9,41.8,52.3,61.1,319.3,7.9,99.2,21.1,347.5,2013
Lâm Đồng,48.9,240.3,192.9,32.4,48.2,156.3,10.5,49.9,52.4,6.3,48.7,30.2,15.7,46.9,73.7,16.5,50.9,84.0,1.6,21.6,,,2013
Đông Nam Bộ,360.1,1808.7,117.0,280.3,48.0,1346.1,76.7,53.4,409.2,92.7,47.5,432.5,112.6,44.8,504.4,79.8,58.0,462.6,1.3,9.9,,,2013
Bình Phước,18.9,64.3,69.8,13.6,33.0,44.9,3.3,34.8,11.5,,,,10.3,32.4,33.4,5.3,36.6,19.4,0.5,2.8,19.2,440.0,2013
Tây Ninh,151.4,769.3,701.3,146.3,50.7,742.3,44.6,54.8,244.2,51.3,49.0,249.2,50.8,49.0,248.9,5.1,52.9,27.0,0.2,1.7,45.7,1347.0,2013
Bình Dương,9.7,37.8,21.0,9.3,39.8,37.0,2.8,47.1,13.2,1.9,37.8,6.8,4.7,36.2,17.0,0.4,20.0,0.8,0.2,1.7,4.2,74.7,2013
Đồng Nai,118.2,672.7,242.6,66.2,50.2,332.5,14.5,57.7,83.7,25.7,48.8,118.6,27.4,47.5,130.2,52.0,65.4,340.2,0.3,3.1,15.2,373.6,2013
Bà Rịa - Vũng Tàu,39.4,170.8,163.2,23.5,42.2,99.1,5.4,50.9,27.5,7.8,40.9,31.5,10.4,38.6,40.1,15.9,45.1,71.7,0.1,0.6,7.9,205.6,2013
TP.Hồ Chí Minh,22.5,93.8,12.0,21.4,42.2,90.3,6.1,47.7,29.1,6.0,41.9,26.4,9.0,38.7,34.8,1.1,31.8,3.5,,,,,2013
Đồng bằng sông Cửu Long,4380.4,25248.8,1447.0,4340.3,57.6,25021.1,1564.4,68.4,10694.6,2212.5,52.4,12422.8,405.5,46.9,1903.7,40.1,56.8,227.7,19.8,459.9,,,2013
Long An,531.6,2838.5,1931.1,527.7,53.4,2816.1,232.7,63.5,1477.9,227.4,45.7,1307.4,8.8,35.0,30.8,3.9,57.0,22.4,0.0,0.3,1.3,23.2,2013
Tiền Giang,239.9,1363.6,800.5,235.6,57.2,1348.7,79.3,69.0,547.5,160.8,51.3,801.2,,,,4.3,34.5,14.9,0.3,4.1,,,2013
Bến Tre,72.9,334.2,265.1,72.2,45.9,331.6,19.0,50.7,96.3,22.2,43.7,87.9,33.1,44.5,147.4,0.7,37.9,2.6,0.1,1.5,,,2013
Trà Vinh,240.9,1303.2,1272.8,235.6,54.1,1274.8,64.5,60.3,389.0,80.2,51.8,418.1,90.4,51.7,467.7,5.3,53.9,28.4,1.6,25.0,,,2013
Vĩnh Long,183.0,1066.3,1027.5,181.9,58.5,1063.7,63.5,66.5,422.0,122.1,54.2,641.7,,,,1.1,22.7,2.6,10.1,289.6,0.2,2.7,2013
Đồng Tháp,546.9,3366.0,2005.5,541.8,61.4,3327.0,208.2,70.7,1472.8,279.3,55.6,1854.2,,,,5.1,76.8,39.0,2.9,68.6,,,2013
An Giang,652.7,4103.3,1905.5,641.4,62.7,4021.4,238.1,73.5,1749.4,383.3,56.4,2244.6,5.4,50.7,27.4,11.3,72.3,81.9,0.3,6.5,0.7,18.0,2013
Kiên Giang,770.5,4472.5,2578.8,770.4,58.0,4471.8,300.6,69.1,2076.4,368.5,52.3,2112.8,65.9,42.9,282.6,0.1,54.9,0.7,1.3,25.7,0.7,15.6,2013
Cần Thơ,237.8,1376.5,1120.5,236.6,57.9,1370.3,88.0,72.4,637.2,140.4,49.3,733.1,,,,1.2,52.2,6.2,0.1,0.6,,,2013
Hậu Giang,214.2,1201.7,1568.4,212.0,56.2,1191.3,79.9,71.1,567.7,136.2,47.2,623.6,,,,2.2,47.5,10.4,0.4,5.8,,,2013
Sóc Trăng,377.7,2235.9,1713.8,373.5,59.4,2220.0,141.3,66.0,933.2,200.5,56.2,1128.2,31.5,50.3,158.6,4.2,38.2,15.9,2.1,28.5,,,2013
Bạc Liêu,182.0,1018.8,1166.2,181.8,56.0,1017.9,49.3,66.0,325.2,55.8,54.8,309.0,76.1,50.4,383.7,0.2,53.0,0.9,0.4,2.7,,,2013
Cà Mau,130.3,568.3,468.0,129.8,43.6,566.5,,,,35.8,45.4,161.0,94.3,43.0,405.5,0.5,36.2,1.8,0.2,1.0,,,2013
Cả nước,8996.2,50178.5,553.1,7816.2,57.5,44974.6,3116.5,66.9,20850.5,2734.1,53,14479.2,1965.6,49.1,9644.9,1179.0,44.1,5202.3,130.1,1401.3,552.8,10209.9,2014
Đồng bằng sông Hồng,1210.9,7175.2,346.5,1122.7,60.2,6759.8,557.9,65.5,3651.5,,,,564.8,55,3108.3,88.1,47.1,415.1,21.3,204.1,,,2014
Hà Nội,223.0,1273.5,179.5,202.8,58.0,1175.5,101.6,61.1,620.7,,,,101.2,54.8,554.8,20.2,48.5,98.0,3.4,34.5,1.9,37.8,2014
Vĩnh Phúc,73.7,395.6,379.7,58.6,56.5,331.2,30.8,60.4,186,,,,27.8,52.2,145.2,15.1,42.6,64.4,2.7,27.7,,,2014
Bắc Ninh,76.4,457.0,404.0,72.7,60.4,439.4,36.3,63.1,228.9,,,,36.4,57.8,210.5,3.7,47.6,17.6,0.6,6.5,,,2014
Quảng Ninh,49.1,234.0,195.1,43.1,49.0,211.3,17.2,54.2,93.3,,,,25.9,45.6,118,5.9,38.1,22.5,4.0,23.6,,,2014
Hải Dương,129.1,763.6,433.1,125.0,59.4,742.6,63,63.6,400.5,,,,62,55.2,342.1,4.1,51.2,21.0,0.9,8.5,,,2014
Hải Phòng,78.4,491.0,252.3,77.1,62.9,484.7,37.5,69.1,259.3,,,,39.6,56.9,225.4,1.3,48.5,6.3,1.0,10.8,,,2014
Hưng Yên,87.3,536.6,463.4,78.9,62.1,489.6,39.5,66.6,262.9,,,,39.4,57.5,226.7,8.4,56.0,47.0,0.6,8.4,,,2014
Thái Bình,171.9,1116.6,624.2,161.8,65.6,1061.9,80.5,71.7,577.5,,,,81.3,59.6,484.4,10.1,54.1,54.6,3.5,42.4,,,2014
Hà Nam,76.1,445.1,556.8,67.4,59.6,401.6,33.4,65.8,219.9,,,,34,53.4,181.7,8.7,50.0,43.5,0.7,8.2,,,2014
Nam Định,159.2,956.3,518.2,154.9,60.5,937.7,76.3,69.1,527.5,,,,78.6,52.2,410.2,4.3,43.3,18.6,1.8,15.8,,,2014
Ninh Bình,86.7,505.9,540.6,80.4,60.2,484.3,41.8,65.8,275,,,,38.6,54.2,209.3,6.3,34.3,21.6,2.1,17.7,,,2014
Trung du và miền núi phía Bắc,1204.9,5232.1,448.4,689.2,48.5,3341.1,250.1,56.1,1402.7,,,,439.1,44.1,1938.4,515.3,36.7,1890.8,33.4,226.6,,,2014
Hà Giang,91.9,386.4,489.9,37.4,55.6,207.9,9.5,55.9,53.1,,,,27.9,55.5,154.8,54.2,32.9,178.4,1.7,7.9,5.0,39.5,2014
Cao Bằng,69.5,255.1,490.4,30.4,41.7,126.9,3.3,50.9,16.8,,,,27.1,40.6,110.1,39.0,32.8,128.1,1.5,8.8,3.2,45.1,2014
Bắc Kạn,40.6,176.2,573.4,24.0,46.7,112.1,8.7,51,44.4,,,,15.3,44.2,67.7,16.6,38.6,64.1,0.5,2.5,2.9,31.3,2014
Tuyên Quang,61.5,333.4,442.3,45.6,58.2,265.4,20.1,59.4,119.4,,,,25.5,57.3,146,15.9,42.8,68.0,3.5,21.7,4.2,54.4,2014
Lào Cai,69.9,266.1,400.1,30.8,48.2,148.4,9.9,55.4,54.8,,,,20.9,44.8,93.6,39.1,30.1,117.7,1.0,5.7,9.1,114.3,2014
Yên Bái,69.4,286.0,365.0,40.9,49.5,202.4,19,53.2,101,,,,21.9,46.3,101.4,28.5,29.3,83.6,2.8,15.4,16.5,317.0,2014
Thái Nguyên,92.0,445.1,379.4,72.5,50.5,365.9,30.4,52.4,159.4,,,,42.1,49,206.5,19.5,40.6,79.2,5.3,33.4,3.7,54.6,2014
Lạng Sơn,72.3,311.3,413.0,50.7,42.0,212.9,16.1,51.7,83.3,,,,34.6,37.5,129.6,21.6,45.6,98.4,2.1,12.6,5.0,51.8,2014
Bắc Giang,122.9,666.0,410.0,112.8,55.5,626.6,53.8,58,312.1,,,,59,53.3,314.5,10.1,39.0,39.4,6.1,63.3,5.7,82.9,2014
Phú Thọ,88.3,461.8,339.5,69.6,54.0,376.0,37,57.6,213.1,,,,32.6,50,162.9,18.7,45.9,85.8,2.6,16.6,8.6,116.5,2014
Điện Biên,79.3,246.7,458.5,49.4,34.5,170.6,8.5,60.4,51.3,,,,40.9,29.2,119.3,29.9,25.5,76.1,0.7,7.8,7.2,57.0,2014
Lai Châu,52.5,189.8,457.0,30.4,42.0,127.7,6.2,54.7,33.9,,,,24.2,38.8,93.8,22.1,28.1,62.1,0.4,2.1,4.4,36.5,2014
Sơn La,216.8,841.0,721.0,54.3,33.8,183.3,11.4,60.1,68.5,,,,42.9,26.8,114.8,162.5,40.5,657.7,0.3,2.2,30.5,371.3,2014
Hoà Bình,78.0,367.2,449.3,40.4,53.2,215.0,16.2,56.5,91.6,,,,24.2,51,123.4,37.6,40.5,152.2,4.9,26.6,12.5,156.7,2014
Bắc Trung Bộ và Duyên hải miền Trung,1452.2,7897.0,404.5,1243.8,56.6,7034.0,586.2,62.7,3675.6,345.6,53.3,1840.6,312,48.6,1517.8,208.0,41.5,862.3,37.6,243.9,,,2014
Thanh Hoá,313.3,1737.8,497.1,258.6,58.6,1516.5,124,64.5,800.1,,,,134.6,53.2,716.4,54.7,40.5,221.3,8.9,61.2,18.0,259.7,2014
Nghệ An,243.7,1205.7,396.9,187.9,53.9,1012.5,90.2,66,595.6,59.3,47.5,281.6,38.4,35.2,135.3,55.7,34.7,193.1,6.3,40.9,16.5,379.7,2014
Hà Tĩnh,109.4,536.3,427.2,101.1,50.6,511.4,56.6,56.1,317.5,42.8,44.3,189.7,1.7,24.7,4.2,8.3,30.0,24.9,5.9,35.9,4.0,58.6,2014
Quảng Bình,58.8,299.1,344.5,54.2,51.2,277.4,29.6,60.5,179,24.1,40.5,97.6,0.5,16,0.8,4.5,47.6,21.4,3.7,27.5,5.8,108.2,2014
Quảng Trị,54.0,269.9,437.9,50.2,51.5,258.7,25.6,55.9,143,22.3,50.9,113.6,2.3,9.1,2.1,3.8,29.5,11.2,2.6,19.0,11.8,192.3,2014
Thừa Thiên Huế,55.3,323.3,285.7,53.7,59.1,317.1,27.7,60.4,167.4,25.4,58.5,148.7,0.6,16.7,1,1.6,38.8,6.2,3.4,15.7,7.0,128.7,2014
Đà Nẵng,5.9,35.9,35.6,5.5,61.6,33.9,3,63,18.9,..,..,..,2.5,60,15,0.4,50.0,2.0,0.3,2.1,,,2014
Quảng Nam,100.8,526.6,357.8,87.4,53.4,466.9,43.6,56.8,247.7,..,..,..,43.8,50,219.2,13.4,44.6,59.7,4.4,29.1,12.6,214.1,2014
Quảng Ngãi,84.3,480.2,386.8,73.8,57.2,422.5,38.6,59.2,228.7,32.9,57.1,187.9,2.3,25.7,5.9,10.5,55.0,57.7,0.4,2.4,19.1,354.1,2014
Bình Định,114.6,696.1,459.6,106.3,61.1,649.7,47.8,67.9,324.5,42.4,59,250.2,16.1,46.6,75,8.3,55.9,46.4,0.3,1.6,13.7,329.8,2014
Phú Yên,63.2,387.0,436.1,57.0,64.0,365.0,26.9,70.1,188.7,24.4,64.6,157.7,5.7,32.6,18.6,6.2,35.5,22.0,0.2,1.2,19.5,354.0,2014
Khánh Hoà,52.3,276.2,230.8,45.6,57.3,261.3,20.7,64.1,132.6,17,57.6,97.9,7.9,39,30.8,6.7,22.2,14.9,0.2,1.0,6.0,115.3,2014
Ninh Thuận,57.0,326.5,553.1,42.8,62.5,267.7,16,69.3,110.9,12.8,63.8,81.6,14,53.7,75.2,14.0,41.8,58.5,0.1,1.1,,,2014
Bình Thuận,139.6,796.4,659.6,119.7,56.3,673.4,35.9,61.6,221,42.2,55.5,234.1,41.6,52.5,218.3,19.9,61.8,123.0,0.9,5.2,32.7,521.3,2014
Tây Nguyên,487.5,2571.9,465.4,237.8,52.4,1245.0,85.6,61.2,523.8,6.2,49.5,30.7,146,47.3,690.5,249.6,53.1,1326.5,13.7,161.2,,,2014
Kon Tum,30.3,110.6,228.4,23.6,36.3,85.6,7.2,45.8,33,,,,16.4,32.1,52.6,6.7,37.3,25.0,0.1,1.1,38.0,573.3,2014
Gia Lai,127.8,566.7,411.3,75.2,46.6,350.1,26.3,57.9,152.2,,,,48.9,40.5,197.9,52.6,41.2,216.6,1.9,16.8,61.6,1114.2,2014
Đắk Lắk,216.7,1249.2,681.4,94.4,61.2,577.8,36.9,69.4,256.2,,,,57.5,55.9,321.6,122.3,54.9,671.4,2.8,30.7,32.2,617.6,2014
Đắk Nông,65.3,408.3,714.7,12.6,58.3,73.5,4.6,62.2,28.6,,,,8,56.1,44.9,52.6,63.6,334.4,7.4,92.7,19.4,315.4,2014
Lâm Đồng,47.4,237.1,188.3,32.0,49.4,158.0,10.6,50.8,53.8,6.2,49.5,30.7,15.2,48.4,73.5,15.4,51.4,79.1,1.5,19.9,,,2014
Đông Nam Bộ,353.2,1827.3,115.7,273.2,49.4,1349.1,74,54.8,405.2,89.5,48.6,434.8,109.7,46.4,509.1,80.0,59.8,478.2,1.0,8.0,,,2014
Bình Phước,17.9,61.0,65.4,13.0,32.8,42.6,3.3,33.3,11,,,,9.7,32.6,31.6,4.9,37.6,18.4,0.4,2.7,18.7,431.7,2014
Tây Ninh,147.4,768.6,696.0,142.2,52.1,740.9,42.6,56.6,241,49.2,50.3,247.6,50.4,50.1,252.3,5.2,53.3,27.7,0.0,0.3,50.5,1603.4,2014
Bình Dương,8.7,34.8,18.6,8.3,41.1,34.1,2.6,48.1,12.5,1.7,39.4,6.7,4,37.3,14.9,0.4,17.5,0.7,0.2,1.6,4.6,82.6,2014
Đồng Nai,117.5,691.6,243.6,65.3,51.7,337.3,14.5,58.6,84.9,24.3,49.5,120.3,26.5,49.8,132.1,52.2,67.9,354.3,0.3,2.9,15.4,385.2,2014
Bà Rịa - Vũng Tàu,39.4,178.2,168.2,23.5,44.9,105.6,5.4,54.3,29.3,7.8,42.2,32.9,10.3,42.1,43.4,15.9,45.7,72.6,0.1,0.5,8.2,208.5,2014
TP.Hồ Chí Minh,22.3,93.1,11.7,20.9,42.4,88.6,5.6,47.3,26.5,6.5,42,27.3,8.8,39.5,34.8,1.4,32.1,4.5,0.0,0.0,,,2014
Đồng bằng sông Cửu Long,4287.5,25475.0,1454.2,4249.5,59.4,25245.6,1562.7,71.6,11191.7,2292.8,53.1,12173.1,394,47.7,1880.8,38.0,60.4,229.4,23.1,557.5,,,2014
Long An,523.4,2889.8,1956.1,519.2,55.1,2860.6,235.5,67.1,1580.5,274.9,45.4,1247.9,8.8,36.6,32.2,4.2,69.5,29.2,0.0,0.2,1.3,21.6,2014
Tiền Giang,234.6,1384.8,807.0,230.6,59.4,1370.3,77.4,72,557.5,153.2,53.1,812.8,..,..,..,4.0,36.3,14.5,0.3,4.1,,,2014
Bến Tre,67.3,321.6,254.8,66.6,47.9,318.9,18.1,58,105,19.3,42.7,82.5,29.2,45,131.4,0.7,38.6,2.7,0.1,1.1,,,2014
Trà Vinh,241.2,1356.6,1318.0,235.8,56.3,1326.9,66.4,67.2,446.2,80.2,50.7,407,89.2,53.1,473.7,5.4,55.0,29.7,1.5,23.9,,,2014
Vĩnh Long,181.3,1089.8,1046.4,180.2,60.3,1087.2,61.5,70.9,435.9,118.7,54.9,651.3,..,..,..,1.1,23.6,2.6,11.9,343.2,0.2,2.9,2014
Đồng Tháp,533.3,3336.4,1984.4,528.6,62.4,3300.0,207.4,72.2,1497,321.2,56.1,1803,..,..,..,4.7,77.4,36.4,4.5,107.8,,,2014
An Giang,635.4,4100.4,1902.1,625.8,64.3,4022.9,237.5,77.4,1837.2,383.2,56.4,2161.4,5.1,47.6,24.3,9.6,80.7,77.5,0.7,12.4,0.8,19.4,2014
Kiên Giang,753.7,4532.9,2596.9,753.6,60.1,4532.2,305.9,72.2,2207.6,385.3,53.1,2044.3,62.4,44.9,280.3,0.1,70.0,0.7,1.1,29.0,0.7,20.7,2014
Cần Thơ,233.3,1373.2,1109.0,232.3,58.9,1367.7,88,73.4,646.1,144.3,50,721.6,..,..,..,1.0,55.0,5.5,0.0,0.4,,,2014
Hậu Giang,208.0,1217.9,1585.1,205.3,58.7,1204.6,77.5,75.2,582.7,127.8,48.7,621.9,..,..,..,2.7,49.3,13.3,0.2,2.9,,,2014
Sóc Trăng,367.7,2280.0,1743.5,363.9,62.3,2265.3,141.3,68,961.3,192,59.9,1150.8,30.6,50.1,153.2,3.8,38.7,14.7,2.0,27.7,,,2014
Bạc Liêu,180.4,1037.8,1182.2,180.2,57.5,1037.0,46.2,72.4,334.7,56,55.4,310.1,78,50.3,392.2,0.2,40.0,0.8,0.6,3.8,,,2014
Cà Mau,127.9,553.8,455.3,127.4,43.3,552.0,..,..,..,36.7,43.2,158.5,90.7,43.4,393.5,0.5,36.0,1.8,0.2,1.0,,,2014
Cả nước,9008.8,50379.5,549.5,7828.0,57.6,45091.0,3168.0,66.6,21091.7,2869.1,53.5,15341.3,1790.9,48.3,8658.0,1178.9,44.8,5287.2,127.6,1335.9,567.9,10740.2,2015
Đồng bằng sông Hồng,1202.5,7168.2,342.8,1110.9,60.6,6729.5,553.0,65.8,3636.0,,,,557.9,55.4,3093.5,91.3,48.1,438.7,21.2,201.8,,,2015
Hà Nội,221.6,1272.0,176.6,200.6,58.3,1169.5,101.0,61.1,616.7,,,,99.6,55.5,552.8,21.1,48.6,102.6,4.0,39.0,1.8,34.9,2015
Vĩnh Phúc,74.5,395.9,375.4,58.4,55.9,326.4,30.8,59.8,184.1,,,,27.6,51.6,142.3,16.1,43.2,69.5,2.6,26.3,,,2015
Bắc Ninh,75.5,462.3,400.4,71.9,61.9,444.8,36.0,65.9,237.4,,,,35.9,57.8,207.4,3.6,48.6,17.5,0.5,5.8,,,2015
Quảng Ninh,48.5,235.2,194.3,42.5,49.9,211.9,17.0,54.9,93.3,,,,25.5,46.5,118.6,5.9,39.3,23.2,3.9,23.2,,,2015
Hải Dương,126.7,761.4,429.1,122.7,60.3,740.0,61.8,64.5,398.8,,,,60.9,56.0,341.2,4.0,53.5,21.4,0.8,7.8,,,2015
Hải Phòng,77.0,484.0,246.6,75.8,63.1,478.3,36.7,69.4,254.7,,,,39.1,57.2,223.6,1.1,52.7,5.8,0.9,9.6,,,2015
Hưng Yên,86.0,529.6,454.9,77.5,62.0,480.5,38.7,66.1,255.7,,,,38.8,57.9,224.8,8.5,57.8,49.1,0.5,6.9,,,2015
Thái Bình,172.1,1123.4,627.8,161.0,66.0,1061.9,80.1,71.6,573.4,,,,80.9,60.4,488.5,11.1,55.3,61.4,3.5,42.4,,,2015
Hà Nam,75.6,452.7,564.0,66.8,60.7,405.6,33.1,66.5,220.0,,,,33.7,55.1,185.6,8.7,54.1,47.1,0.6,7.6,,,2015
Nam Định,158.9,954.8,516.0,154.4,60.6,935.2,76.1,69.2,526.8,,,,78.3,52.2,408.4,4.4,44.5,19.6,1.7,14.9,,,2015
Ninh Bình,86.1,496.9,526.1,79.3,59.9,475.4,41.7,66.0,275.1,,,,37.6,53.3,200.3,6.8,31.6,21.5,2.2,18.3,,,2015
Trung du và miền núi phía Bắc,1203.9,5249.3,443.4,684.3,48.8,3336.8,251.5,56.6,1422.8,,,,432.8,44.2,1914.0,518.9,36.9,1912.6,33.3,225.6,,,2015
Hà Giang,91.8,390.2,486.7,36.8,55.3,203.5,9.6,55.7,53.5,,,,27.2,55.1,150.0,54.8,34.0,186.5,2.1,10.4,4.6,36.3,2015
Cao Bằng,70.5,263.1,501.5,30.5,42.5,129.5,3.3,51.5,17.0,,,,27.2,41.4,112.5,39.9,33.5,133.5,1.5,8.4,4.0,59.9,2015
Bắc Kạn,41.0,185.1,591.2,24.6,47.7,117.4,9.1,54.9,50.0,,,,15.5,43.5,67.4,16.4,41.3,67.7,0.5,2.4,3.0,32.1,2015
Tuyên Quang,64.2,347.3,456.8,45.6,58.4,266.3,20.2,59.7,120.6,,,,25.4,57.4,145.7,18.6,43.5,81.0,3.8,23.3,4.6,59.8,2015
Lào Cai,67.6,283.3,420.0,30.7,48.9,150.1,10.0,56.4,56.4,,,,20.7,45.3,93.7,36.8,36.2,133.2,1.0,6.0,8.9,114.5,2015
Yên Bái,69.5,300.7,379.2,41.3,50.3,207.7,19.4,54.3,105.4,,,,21.9,46.7,102.3,28.2,33.0,93.0,3.0,16.5,15.8,305.8,2015
Thái Nguyên,93.5,469.3,386.2,72.4,52.7,381.4,30.5,54.9,167.4,,,,41.9,51.1,214.0,21.0,41.9,88.0,5.2,33.6,3.4,50.1,2015
Lạng Sơn,71.9,314.9,414.1,49.8,42.3,210.6,15.4,51.8,79.8,,,,34.4,38.0,130.8,22.1,47.2,104.4,2.0,11.9,4.5,45.2,2015
Bắc Giang,122.3,661.3,403.1,111.5,55.5,619.1,53.6,59.2,317.3,,,,57.9,52.1,301.8,10.7,39.5,42.3,5.9,62.3,5.0,71.7,2015
Phú Thọ,88.6,459.9,335.5,69.4,53.4,370.4,37.2,57.1,212.5,,,,32.2,49.0,157.9,19.2,46.6,89.5,2.3,14.5,8.3,115.1,2015
Điện Biên,79.2,251.0,458.2,49.4,35.4,174.8,8.8,60.9,53.6,,,,40.6,29.9,121.2,29.7,25.7,76.2,0.6,6.8,,,2015
Lai Châu,53.6,198.8,468.4,30.9,43.0,132.8,6.4,54.7,35.0,,,,24.5,39.9,97.8,22.7,29.1,66.0,0.3,1.4,4.4,36.9,2015
Sơn La,212.1,766.0,645.2,52.1,34.0,177.4,11.6,55.3,64.2,,,,40.5,28.0,113.2,159.9,36.8,588.7,0.2,1.5,31.2,359.5,2015
Hoà Bình,78.1,358.4,434.8,39.3,49.8,195.8,16.4,54.9,90.1,,,,22.9,46.2,105.7,38.9,41.8,162.6,4.9,26.6,11.7,149.6,2015
Bắc Trung Bộ và Duyên hải miền Trung,1431.4,7784.8,395.7,1220.5,56.2,6855.1,585.7,61.4,3598.9,328.6,54.2,1782.5,306.2,48.1,1473.7,210.4,44.2,929.0,35.9,235.9,,,2015
Thanh Hoá,313.8,1720.8,490.0,257.0,57.4,1475.3,124.6,63.0,785.1,,,,132.4,52.1,690.2,56.8,43.2,245.5,8.3,58.4,17.8,261.9,2015
Nghệ An,245.5,1214.4,394.3,186.6,52.5,978.8,91.7,62.1,569.7,55.6,49.5,275.0,39.3,34.1,134.1,58.9,40.0,235.5,6.1,40.8,17.4,384.8,2015
Hà Tĩnh,110.5,553.7,439.0,101.7,51.3,521.5,57.9,54.0,312.9,42.0,48.5,203.9,1.8,26.1,4.7,8.7,37.0,32.2,5.6,34.5,4.1,65.3,2015
Quảng Bình,58.9,299.1,342.5,54.1,50.9,275.4,30.1,59.8,180.0,23.5,40.3,94.6,0.5,16.0,0.8,4.7,49.6,23.3,3.7,26.3,6.3,114.6,2015
Quảng Trị,51.6,251.1,405.0,47.7,50.2,239.4,25.6,54.1,138.5,20.1,49.3,99.0,2.0,9.5,1.9,3.9,30.0,11.7,2.4,17.3,12.7,208.8,2015
Thừa Thiên Huế,56.1,325.7,285.2,54.4,58.7,319.3,27.9,60.1,167.6,25.9,58.2,150.7,0.6,16.7,1.0,1.6,39.4,6.3,3.2,15.4,7.1,131.3,2015
Đà Nẵng,5.8,33.8,32.8,5.4,58.5,31.6,2.9,59.0,17.1,..,..,..,2.5,58.0,14.5,0.4,52.5,2.1,0.3,2.1,,,2015
Quảng Nam,101.5,518.6,350.5,88.5,52.1,461.2,43.5,55.3,240.4,..,..,..,45.0,49.1,220.8,13.1,43.8,57.4,4.3,28.2,12.8,229.2,2015
Quảng Ngãi,85.9,483.7,388.1,75.7,56.5,427.5,39.3,58.8,231.1,33.8,55.9,188.9,2.6,28.8,7.5,10.2,55.2,56.3,0.4,4.0,19.8,377.9,2015
Bình Định,114.5,707.6,465.5,105.7,62.2,657.8,48.1,68.6,330.0,42.3,61.4,259.9,15.3,44.4,67.9,8.7,57.2,49.8,0.3,1.4,,334.0,2015
Phú Yên,63.1,401.9,449.9,57.2,66.1,378.1,26.9,72.7,195.6,24.5,66.4,162.8,5.8,34.0,19.7,5.9,40.3,23.8,0.2,0.9,23.0,414.1,2015
Khánh Hoà,40.4,212.7,176.5,34.2,58.4,199.8,20.0,63.8,127.5,8.8,56.9,50.1,5.4,41.1,22.2,6.1,21.1,12.9,0.2,1.0,5.8,107.8,2015
Ninh Thuận,49.1,273.4,458.7,37.3,60.2,224.5,12.8,67.0,85.8,11.6,63.4,73.5,12.9,50.5,65.2,11.8,41.3,48.7,0.1,1.1,,,2015
Bình Thuận,134.7,788.3,648.9,115.0,57.8,664.9,34.4,63.3,217.6,40.5,55.3,224.1,40.1,55.7,223.2,19.6,63.0,123.5,0.8,4.5,30.9,521.4,2015
Tây Nguyên,478.9,2505.5,446.8,237.5,50.9,1209.8,84.8,56.8,481.9,6.4,50.0,32.0,146.3,47.6,695.9,241.3,53.7,1295.5,14.5,170.1,,,2015
Kon Tum,30.8,115.8,233.5,24.4,37.5,91.6,7.6,47.1,35.8,,,,16.8,33.2,55.8,6.4,37.8,24.2,0.1,1.0,39.5,592.0,2015
Gia Lai,126.8,552.5,395.3,75.2,44.3,333.1,26.3,50.7,133.4,,,,48.9,40.8,199.7,51.6,42.5,219.3,1.7,14.8,63.7,1180.9,2015
Đắk Lắk,211.8,1209.2,652.3,93.4,59.5,555.8,35.7,64.5,230.2,,,,57.7,56.4,325.6,118.4,55.2,653.4,3.2,39.3,,,2015
Đắk Nông,63.6,397.5,676.2,12.6,58.0,73.1,4.7,61.5,28.9,,,,7.9,55.9,44.2,51.0,63.6,324.3,8.1,96.6,,,2015
Lâm Đồng,45.9,230.5,181.1,31.9,49.0,156.2,10.5,51.0,53.6,6.4,50.0,32.0,15.0,47.1,70.6,13.9,53.5,74.3,1.4,18.4,,..,2015
Đông Nam Bộ,352.5,1868.4,116.1,273.3,50.4,1376.1,75.5,56.2,424.4,90.0,49.4,444.7,107.8,47.0,507.0,78.8,62.4,491.9,1.3,8.0,,,2015
Bình Phước,18.0,61.5,65.1,12.8,33.1,42.4,3.2,34.4,11.0,,,,9.6,32.7,31.4,4.9,38.2,18.7,0.4,2.0,17.7,413.8,2015
Tây Ninh,149.3,788.4,709.3,144.5,52.7,760.8,44.4,57.5,255.1,49.2,51.0,250.7,50.9,50.1,255.0,5.0,55.2,27.6,0.0,0.1,57.6,1868.3,2015
Bình Dương,8.0,32.1,16.6,7.6,41.3,31.4,2.4,47.9,11.5,1.7,37.6,6.4,3.5,38.6,13.5,0.4,17.5,0.7,0.2,1.6,4.8,87.0,2015
Đồng Nai,115.9,707.0,244.0,63.6,53.0,337.2,14.5,60.8,88.1,23.7,50.5,119.7,25.4,50.9,129.4,52.2,70.9,369.9,0.3,2.8,,399.2,2015
Bà Rịa - Vũng Tàu,40.0,187.8,174.0,24.5,47.3,116.0,6.1,57.5,35.1,8.2,44.4,36.4,10.2,43.6,44.5,15.4,46.6,71.8,0.3,1.2,8.6,218.7,2015
TP.Hồ Chí Minh,21.3,91.6,11.3,20.3,43.5,88.3,4.9,48.2,23.6,7.2,43.8,31.5,8.2,40.5,33.2,0.9,35.6,3.2,0.1,0.3,,,2015
Đồng bằng sông Cửu Long,4339.6,25803.3,1467.8,4301.5,59.5,25583.7,1617.5,71.3,11527.7,2444.1,53.5,13082.1,239.9,40.6,973.9,38.2,57.5,219.5,21.4,494.5,,,2015
Long An,527.0,2947.7,1986.4,522.9,55.8,2918.7,233.9,67.1,1569.7,283.9,46.9,1331.0,5.1,35.3,18.0,4.2,69.0,29.0,0.1,0.4,1.2,17.9,2015
Tiền Giang,229.1,1360.2,787.1,224.7,59.8,1344.4,75.1,72.0,541.0,149.6,53.7,803.4,..,..,..,4.4,35.9,15.8,0.4,5.4,,,2015
Bến Tre,63.7,281.4,222.7,63.0,44.3,278.8,17.2,50.9,87.6,17.9,40.1,71.8,27.9,42.8,119.4,0.7,37.1,2.6,0.1,0.7,,..,2015
Trà Vinh,241.4,1369.5,1337.6,235.8,56.8,1339.5,68.9,68.1,469.3,164.3,52.3,859.1,2.6,42.7,11.1,5.5,54.5,30.0,1.4,22.0,,,2015
Vĩnh Long,181.7,1097.6,1050.3,180.5,60.6,1094.7,61.0,71.6,437.0,119.5,55.0,657.7,..,..,..,1.2,24.2,2.9,11.3,310.4,0.2,3.0,2015
Đồng Tháp,550.5,3419.8,2030.4,546.0,62.0,3384.5,204.9,70.4,1443.2,341.1,56.9,1941.3,..,..,..,4.6,76.7,35.3,3.6,87.6,,,2015
An Giang,652.8,4137.5,1917.0,644.2,63.2,4073.7,238.6,75.6,1804.4,400.3,56.2,2250.1,5.3,36.2,19.2,8.6,74.1,63.7,0.2,3.4,0.7,15.4,2015
Kiên Giang,769.7,4644.2,2637.2,769.5,60.3,4643.0,307.3,72.4,2224.5,399.2,53.5,2135.2,63.0,45.0,283.3,0.2,65.0,1.3,1.5,31.5,0.9,25.8,2015
Cần Thơ,239.0,1413.7,1132.7,237.9,59.2,1408.1,87.3,73.9,645.3,150.6,50.7,762.8,..,..,..,1.1,50.0,5.5,0.0,0.2,,,2015
Hậu Giang,210.0,1307.4,1697.0,207.1,62.4,1293.1,80.0,77.3,618.5,127.1,53.1,674.6,..,..,..,2.9,49.3,14.3,0.2,2.9,,,2015
Sóc Trăng,366.9,2291.9,1763.3,362.7,62.7,2275.5,196.7,68.5,1348.0,152.4,56.3,858.2,13.6,51.0,69.3,4.1,40.0,16.4,1.9,26.3,,,2015
Bạc Liêu,180.7,1065.3,1186.2,180.6,58.9,1064.5,46.6,72.8,339.2,101.8,57.4,584.8,32.2,43.6,140.5,0.2,40.0,0.8,0.5,2.8,,,2015
Cà Mau,127.1,467.1,383.2,126.6,36.7,465.2,..,..,..,36.4,41.8,152.1,90.2,34.7,313.1,0.5,38.0,1.9,0.2,0.9,,,2015
Cả nước,8890.6,48416.2,522.3,7737.1,55.8,43165.1,3128.9,62.8,19646.6,2872.9,53.0,15232.1,1735.3,47.8,8286.4,1152.7,45.5,5246.5,120.3,1269.3,569.0,10909.9,2016
Đồng bằng sông Hồng,1184.3,6977.9,330.4,1094.4,59.8,6545.0,546.1,65.6,3583.2,,,,548.3,54.0,2961.8,89.8,48.1,432.2,18.7,176.7,,,2016
Hà Nội,217.0,1206.6,165.0,197.1,56.3,1109.6,99.4,60.9,605.7,,,,97.7,51.6,503.9,19.9,48.8,97.1,3.5,34.7,1.6,31.8,2016
Vĩnh Phúc,74.4,361.1,338.7,58.4,50.4,294.5,31.2,58.6,182.7,,,,27.2,41.1,111.8,16.0,41.6,66.6,2.2,21.2,,,2016
Bắc Ninh,73.8,454.7,385.8,70.8,62.0,439.1,35.6,65.0,231.3,,,,35.2,59.0,207.8,3.1,50.0,15.5,0.3,3.4,,,2016
Quảng Ninh,48.1,235.4,191.9,42.3,50.1,211.8,17.0,54.4,92.5,,,,25.3,47.2,119.3,5.8,40.5,23.5,3.8,22.5,,,2016
Hải Dương,124.5,749.0,419.4,120.3,60.4,726.4,60.7,64.6,392.2,,,,59.6,56.1,334.2,4.2,54.0,22.7,0.7,7.5,,,2016
Hải Phòng,75.2,471.0,237.8,74.0,62.9,465.1,35.7,69.5,248.1,,,,38.3,56.7,217.0,1.2,49.2,5.9,0.8,8.3,,,2016
Hưng Yên,82.3,504.5,431.1,74.1,61.7,457.4,37.1,65.9,244.4,,,,37.0,57.6,213.0,8.1,58.1,47.1,0.5,7.5,,,2016
Thái Bình,172.3,1120.1,625.8,160.1,65.8,1053.6,79.7,71.5,570.0,,,,80.4,60.1,483.6,12.1,54.5,66.0,3.2,38.2,,,2016
Hà Nam,73.9,440.0,547.5,65.6,60.3,395.5,32.4,66.5,215.6,,,,33.2,54.2,179.9,8.4,52.9,44.4,0.6,6.5,,,2016
Nam Định,157.5,943.8,509.4,153.0,60.4,923.9,75.7,69.4,525.5,,,,77.3,51.5,398.4,4.4,44.8,19.7,1.5,13.7,,,2016
Ninh Bình,85.3,491.7,515.9,78.7,59.5,468.1,41.6,66.2,275.2,,,,37.1,52.0,192.9,6.6,35.9,23.7,1.6,13.2,,,2016
Trung du và miền núi phía Bắc,1192.4,5345.2,445.3,682.6,49.9,3405.5,253.0,57.5,1454.3,,,,429.6,45.4,1951.2,509.5,38.1,1939.3,31.3,214.8,,,2016
Hà Giang,91.0,395.7,482.3,37.5,56.1,210.5,9.3,56.6,52.6,,,,28.2,56.0,157.9,53.5,34.6,185.2,1.9,9.1,5.0,39.8,2016
Cao Bằng,69.2,262.4,495.0,28.9,43.2,124.8,3.6,51.1,18.4,,,,25.3,42.1,106.4,40.1,34.3,137.5,1.4,7.8,3.5,51.9,2016
Bắc Kạn,40.7,184.6,578.7,24.3,48.6,118.1,9.3,55.1,51.2,,,,15.0,44.6,66.9,16.4,40.5,66.5,0.5,2.4,2.4,25.7,2016
Tuyên Quang,63.5,344.7,449.5,45.1,58.6,264.3,20.0,59.9,119.8,,,,25.1,57.6,144.5,18.4,43.7,80.4,3.2,19.5,4.4,57.6,2016
Lào Cai,69.2,296.9,433.9,31.6,50.1,158.3,10.1,57.4,58.0,,,,21.5,46.7,100.3,37.6,36.9,138.7,1.0,6.2,8.8,113.6,2016
Yên Bái,71.4,309.6,386.9,42.8,50.0,214.2,19.8,54.5,107.9,,,,23.0,46.2,106.3,28.6,33.4,95.4,3.1,16.9,14.8,288.8,2016
Thái Nguyên,92.1,470.9,378.6,72.0,53.4,384.7,30.7,55.0,168.7,,,,41.3,52.3,216.0,20.1,42.8,86.1,4.5,29.2,3.4,49.3,2016
Lạng Sơn,72.2,326.6,424.9,50.1,43.6,218.3,16.2,52.5,85.1,,,,33.9,39.3,133.2,22.2,48.7,108.2,2.1,12.8,3.9,39.1,2016
Bắc Giang,120.3,671.6,405.2,109.5,57.4,628.5,53.2,60.2,320.0,,,,56.3,54.8,308.5,10.7,40.2,43.0,5.6,61.0,4.3,63.2,2016
Phú Thọ,86.4,460.4,333.2,67.7,55.1,373.2,37.1,59.8,221.7,,,,30.6,49.5,151.5,18.7,46.6,87.1,2.1,13.9,8.3,115.0,2016
Điện Biên,80.1,253.9,455.5,50.1,35.0,175.4,9.0,58.2,52.4,,,,41.1,29.9,123.0,30.0,26.2,78.5,0.6,6.9,,,2016
Lai Châu,54.2,206.3,474.1,31.4,43.4,136.4,6.4,55.3,35.4,,,,25.0,40.4,101.0,22.8,30.7,69.9,0.3,1.6,4.4,36.9,2016
Sơn La,204.2,781.5,646.8,51.7,35.4,182.9,11.8,58.0,68.4,,,,39.9,28.7,114.5,152.4,39.3,598.6,0.2,1.6,32.8,386.5,2016
Hoà Bình,77.9,380.1,457.2,39.9,54.1,215.9,16.5,57.4,94.7,,,,23.4,51.8,121.2,38.0,43.2,164.2,4.8,25.9,11.2,144.6,2016
Bắc Trung Bộ và Duyên hải miền Trung,1423.0,7783.0,393.1,1215.3,56.3,6842.2,573.9,61.5,3530.6,337.9,55.0,1859.1,303.5,47.9,1452.5,207.6,45.3,940.2,32.3,216.7,,,2016
Thanh Hoá,306.9,1726.2,489.2,253.9,58.8,1493.1,123.4,64.4,795.3,,,,130.5,53.5,697.8,52.9,44.0,233.0,7.4,52.6,18.0,269.5,2016
Nghệ An,244.8,1257.6,405.0,186.0,54.2,1007.4,91.5,65.7,601.1,54.6,49.5,270.2,39.9,34.1,136.1,58.7,42.6,250.1,5.3,34.5,19.3,437.0,2016
Hà Tĩnh,113.0,565.9,446.8,103.4,51.3,530.4,58.2,56.5,328.7,44.0,45.4,199.9,1.2,15.0,1.8,9.6,37.0,35.5,4.7,30.6,3.1,42.9,2016
Quảng Bình,59.9,306.9,349.7,55.0,51.2,281.4,30.1,60.1,181.0,24.3,41.0,99.7,0.6,11.7,0.7,4.9,51.0,25.0,3.7,26.5,6.9,129.1,2016
Quảng Trị,53.8,275.9,442.5,49.8,52.8,263.1,25.7,56.9,146.3,22.2,51.8,114.9,1.9,10.0,1.9,4.1,31.5,12.9,2.4,18.1,13.0,218.4,2016
Thừa Thiên Huế,56.1,330.5,287.4,54.5,59.5,324.3,27.9,60.8,169.5,26.0,59.2,153.8,0.6,16.7,1.0,1.6,39.4,6.3,3.0,14.1,7.1,132.3,2016
Đà Nẵng,5.9,34.8,33.3,5.4,59.6,32.2,2.9,59.3,17.2,..,..,..,2.5,60.0,15.0,0.5,52.0,2.6,0.3,2.1,,,2016
Quảng Nam,99.3,499.9,336.2,86.7,50.9,441.7,43.0,51.0,219.1,..,..,..,43.7,50.9,222.6,12.6,46.2,58.2,4.0,28.1,12.6,233.1,2016
Quảng Ngãi,86.1,475.1,378.8,75.8,54.9,416.3,39.1,53.6,209.4,34.3,58.3,200.0,2.4,28.8,6.9,10.4,56.5,58.8,0.3,2.2,19.6,370.5,2016
Bình Định,111.0,688.3,451.5,102.5,62.3,638.9,48.5,66.0,320.3,40.6,63.9,259.4,13.4,44.2,59.2,8.4,58.8,49.4,0.2,1.3,,323.7,2016
Phú Yên,63.3,398.7,443.3,57.5,65.4,376.2,26.9,67.7,182.1,24.8,70.4,174.5,5.8,33.8,19.6,5.8,38.8,22.5,0.2,1.0,25.2,527.9,2016
Khánh Hoà,46.4,241.8,199.2,39.9,56.9,227.1,19.5,62.1,121.0,13.6,58.8,79.9,6.8,38.5,26.2,6.4,23.0,14.7,0.2,1.0,5.4,89.8,2016
Ninh Thuận,53.1,257.4,428.0,41.4,51.2,211.8,14.8,65.2,96.5,12.4,60.9,75.5,14.2,28.0,39.8,11.7,38.9,45.5,0.1,1.5,,,2016
Bình Thuận,123.4,724.0,592.1,103.5,57.8,598.3,22.4,63.9,143.1,41.1,56.3,231.3,40.0,56.0,223.9,20.0,62.9,125.7,0.5,3.1,31.2,495.1,2016
Tây Nguyên,469.0,2436.1,427.8,233.3,50.3,1174.0,79.1,53.7,424.4,5.6,52.0,29.1,148.6,48.5,720.5,235.3,53.5,1260.0,16.7,196.0,,,2016
Kon Tum,30.9,113.1,222.7,24.2,36.0,87.1,7.4,41.6,30.8,,,,16.8,33.5,56.3,6.4,38.9,24.9,0.2,1.2,39.1,582.3,2016
Gia Lai,124.8,536.9,378.8,72.8,43.8,318.9,23.4,47.5,111.1,,,,49.4,42.1,207.8,52.0,41.9,217.9,1.9,16.0,64.8,1207.1,2016
Đắk Lắk,206.3,1169.5,623.9,93.9,58.6,550.2,34.2,61.3,209.5,,,,59.7,57.1,340.7,112.4,55.1,619.2,4.8,56.1,,,2016
Đắk Nông,64.2,401.3,659.5,12.4,58.4,72.4,4.4,58.9,25.9,,,,8.0,58.1,46.5,51.7,63.6,328.7,8.0,97.9,,,2016
Lâm Đồng,42.8,215.3,167.4,30.0,48.5,145.4,9.7,48.6,47.1,5.6,52.0,29.1,14.7,47.1,69.2,12.8,54.1,69.3,1.8,24.8,,..,2016
Đông Nam Bộ,345.9,1849.3,112.7,270.4,50.6,1367.4,74.9,56.4,422.8,87.9,50.0,439.8,107.6,46.9,504.8,75.7,63.6,481.4,1.5,10.2,,,2016
Bình Phước,16.8,56.9,59.5,12.2,32.3,39.4,3.1,29.7,9.2,,,,9.1,33.2,30.2,4.5,38.2,17.2,0.5,2.7,17.0,403.6,2016
Tây Ninh,148.9,784.6,701.3,144.6,52.6,760.0,43.2,58.0,250.6,49.5,51.4,254.5,51.9,49.1,254.9,4.4,55.7,24.5,0.0,0.0,61.6,2024.0,2016
Bình Dương,7.7,31.5,15.8,7.3,41.9,30.6,2.2,49.5,10.9,1.6,38.1,6.1,3.5,38.9,13.6,0.4,20.0,0.8,0.2,1.5,4.8,89.0,2016
Đồng Nai,113.1,700.5,236.5,61.7,53.7,331.5,14.7,60.7,89.2,21.9,51.7,113.3,25.1,51.4,129.0,51.5,71.7,369.0,0.4,4.6,,399.7,2016
Bà Rịa - Vũng Tàu,39.4,188.8,173.2,25.1,48.1,120.7,6.5,57.5,37.4,8.4,45.0,37.8,10.2,44.6,45.5,14.4,47.3,68.1,0.3,1.0,8.7,215.0,2016
TP.Hồ Chí Minh,20.0,87.0,10.5,19.5,43.7,85.2,5.2,49.0,25.5,6.5,43.2,28.1,7.8,40.5,31.6,0.5,36.0,1.8,0.1,0.4,,,2016
Đồng bằng sông Cửu Long,4276.0,24024.7,1360.0,4241.1,56.2,23831.0,1601.9,63.9,10231.3,2441.5,52.9,12904.1,197.7,35.2,695.6,34.8,55.6,193.4,19.8,454.9,,,2016
Long An,529.8,2813.9,1888.0,527.4,53.1,2802.2,232.5,60.5,1406.5,292.6,47.5,1390.2,2.3,23.9,5.5,2.4,48.8,11.7,0.2,0.9,1.2,20.4,2016
Tiền Giang,219.5,1283.1,737.4,215.5,58.8,1268.1,74.2,67.8,503.1,141.2,54.2,765.1,..,..,..,4.1,36.1,14.8,0.4,5.7,,,2016
Bến Tre,42.2,89.9,71.1,41.5,21.1,87.6,15.1,0.5,0.8,16.6,40.1,66.5,9.8,20.7,20.3,0.6,38.3,2.3,0.1,0.8,,..,2016
Trà Vinh,214.8,978.8,940.7,210.6,45.4,956.3,68.8,40.4,277.7,139.4,47.9,667.9,2.4,44.6,10.7,4.3,52.3,22.5,1.2,18.9,,,2016
Vĩnh Long,177.7,941.7,898.1,176.4,53.2,938.7,61.2,63.8,390.5,115.3,47.5,548.2,..,..,..,1.3,23.1,3.0,11.0,294.3,0.2,2.9,2016
Đồng Tháp,556.1,3434.1,2035.3,551.4,61.6,3396.8,208.8,68.0,1420.3,342.6,57.7,1976.5,..,..,..,4.8,77.9,37.4,2.7,66.3,,,2016
An Giang,677.1,4035.7,1868.5,669.0,59.4,3974.7,239.3,71.9,1719.9,424.7,52.6,2234.6,5.0,40.2,20.1,8.1,75.2,60.9,0.2,4.8,1.3,26.3,2016
Kiên Giang,766.3,4162.9,2343.1,765.9,54.3,4161.6,301.0,61.5,1850.3,404.8,54.4,2203.7,60.1,17.9,107.5,0.2,60.0,1.2,1.5,33.8,0.7,20.5,2016
Cần Thơ,241.1,1403.6,1111.7,240.0,58.2,1397.8,86.7,71.0,615.8,153.3,51.0,782.0,..,..,..,1.1,52.7,5.8,0.0,0.2,,,2016
Hậu Giang,205.5,1246.0,1612.9,202.2,60.9,1231.0,79.4,70.0,556.1,122.8,55.0,675.0,..,..,..,3.2,46.6,14.9,0.1,2.3,,,2016
Sóc Trăng,360.6,2187.0,1666.3,356.6,60.9,2171.1,189.3,62.4,1181.8,153.3,56.4,864.5,14.1,88.5,124.8,4.0,39.8,15.9,1.7,23.0,,,2016
Bạc Liêu,172.5,993.9,1121.5,172.4,57.6,993.1,45.6,67.7,308.5,97.8,57.6,563.7,28.9,41.8,120.9,0.2,40.0,0.8,0.5,3.1,,,2016
Cà Mau,112.8,454.1,371.4,112.2,40.3,452.0,..,..,..,37.1,44.8,166.2,75.1,38.1,285.8,0.5,44.0,2.2,0.2,0.8,,,2016
Cả nước,8806.8,47852.2,510.8,7705.2,55.5,42738.9,3117.1,62.3,19415.8,2876.7,53.7,15461.2,1711.4,45.9,7861.9,1099.5,46.5,5109.6,121.8,1352.8,532.6,10267.7,2017
Đồng bằng sông Hồng,1159.0,6514.0,305.2,1071.4,56.8,6083.3,536.2,65.9,3533.8,,,,535.2,47.6,2549.5,87.5,49.2,430.3,17.4,169.9,,,2017
Hà Nội,209.0,1145.5,154.4,189.9,55.4,1051.1,96.9,61.3,594.4,,,,93.0,49.1,456.7,19.1,49.4,94.4,3.2,33.4,1.2,22.9,2017
Vĩnh Phúc,73.0,385.8,357.4,57.9,55.3,320.3,31.3,61.1,191.1,,,,26.6,48.6,129.2,15.1,43.4,65.5,2.1,21.6,,,2017
Bắc Ninh,71.5,427.3,351.6,69.1,60.0,414.9,34.9,64.4,224.9,,,,34.2,55.6,190.0,2.4,51.7,12.4,0.2,2.5,,,2017
Quảng Ninh,47.3,219.3,176.1,41.6,47.1,195.9,16.5,54.8,90.4,,,,25.1,42.0,105.5,5.7,40.9,23.3,3.5,21.0,,,2017
Hải Dương,122.4,681.2,379.0,118.2,55.7,657.9,59.4,65.1,386.5,,,,58.8,46.2,271.4,4.2,55.5,23.3,0.9,8.7,,,2017
Hải Phòng,73.3,442.0,221.3,72.3,60.4,436.7,35.1,69.5,243.8,,,,37.2,51.9,192.9,1.0,53.0,5.3,0.7,7.8,,,2017
Hưng Yên,78.2,464.6,395.0,70.4,59.5,418.6,35.4,65.9,233.2,,,,35.0,53.0,185.4,7.8,59.0,46.0,0.5,7.6,,,2017
Thái Bình,171.9,1013.7,565.8,158.7,59.4,942.6,79.1,71.7,566.8,,,,79.6,47.2,375.8,13.1,54.1,70.9,2.9,35.4,,,2017
Hà Nam,72.8,411.7,511.0,64.5,56.8,366.4,32.0,66.8,213.6,,,,32.5,47.0,152.8,8.3,54.6,45.3,0.5,6.1,,,2017
Nam Định,155.8,863.7,466.0,151.1,55.7,841.9,74.5,69.4,517.3,,,,76.6,42.4,324.6,4.7,46.2,21.7,1.4,13.2,,,2017
Ninh Bình,83.8,459.2,477.4,77.7,56.2,437.0,41.1,66.1,271.8,,,,36.6,45.1,165.2,6.1,36.4,22.2,1.5,12.6,,,2017
Trung du và miền núi phía Bắc,1170.9,5236.7,431.1,679.8,49.1,3336.4,250.3,57.5,1439.7,,,,429.5,44.2,1896.7,490.1,38.8,1899.9,31.4,216.4,,,2017
Hà Giang,92.1,397.9,477.3,37.5,56.4,211.4,9.2,57.2,52.6,,,,28.3,56.1,158.8,53.7,34.7,186.1,2.0,10.2,5.0,41.2,2017
Cao Bằng,70.7,276.5,516.5,30.4,43.7,132.7,3.6,50.6,18.2,,,,26.8,42.7,114.5,40.2,35.8,143.8,1.4,7.8,2.9,43.1,2017
Bắc Kạn,39.8,176.3,545.4,24.0,46.8,112.3,9.0,54.9,49.4,,,,15.0,41.9,62.9,15.8,40.5,64.0,0.5,2.4,1.8,19.5,2017
Tuyên Quang,63.7,344.5,445.4,45.1,58.3,262.9,19.8,59.8,118.4,,,,25.3,57.1,144.5,18.6,43.9,81.6,3.2,19.8,3.9,52.1,2017
Lào Cai,70.4,305.4,439.8,32.3,49.2,158.8,10.1,57.8,58.4,,,,22.2,45.2,100.4,38.1,38.5,146.6,1.2,7.3,8.4,111.5,2017
Yên Bái,70.7,306.0,379.0,42.5,49.8,211.5,19.6,54.7,107.3,,,,22.9,45.5,104.2,28.2,33.5,94.5,3.1,17.1,12.7,246.7,2017
Thái Nguyên,88.9,458.8,365.6,71.1,53.4,379.4,30.3,55.6,168.5,,,,40.8,51.7,210.9,17.8,44.6,79.4,4.3,27.9,2.9,43.3,2017
Lạng Sơn,70.8,311.1,398.9,49.5,41.6,205.9,15.7,52.0,81.6,,,,33.8,36.8,124.3,21.3,49.4,105.2,2.2,13.7,2.8,28.0,2017
Bắc Giang,117.5,652.2,389.5,106.8,57.0,609.2,51.8,60.4,312.8,,,,55.0,53.9,296.4,10.7,40.2,43.0,5.5,60.7,3.5,52.3,2017
Phú Thọ,85.3,454.9,326.6,67.1,54.8,367.9,37.0,59.9,221.7,,,,30.1,48.6,146.2,18.2,47.8,87.0,2.0,13.1,7.7,107.7,2017
Điện Biên,80.8,258.2,455.4,50.2,35.5,178.1,9.1,58.5,53.2,,,,41.1,30.4,124.9,30.6,26.2,80.1,0.6,6.9,,,2017
Lai Châu,55.0,218.7,490.3,32.9,44.3,145.7,6.7,53.7,36.0,,,,26.2,41.9,109.7,22.1,33.0,73.0,0.3,1.7,4.5,37.7,2017
Sơn La,189.1,741.8,605.1,51.0,35.3,180.0,12.1,57.6,69.7,,,,38.9,28.4,110.3,138.1,40.7,561.8,0.3,2.0,32.2,377.4,2017
Hoà Bình,76.1,334.4,398.6,39.4,45.8,180.6,16.3,56.4,91.9,,,,23.1,38.4,88.7,36.7,41.9,153.8,4.8,25.8,10.0,129.9,2017
Bắc Trung Bộ và Duyên hải miền Trung,1453.9,7913.2,397.1,1253.4,55.8,6997.9,587.7,61.1,3590.1,360.1,54.2,1951.4,305.6,47.7,1456.4,200.2,45.7,914.4,30.2,201.8,,,2017
Thanh Hoá,301.0,1688.4,476.4,250.5,58.4,1463.3,122.2,65.0,794.6,,,,128.3,52.1,668.7,50.5,44.6,225.1,7.5,53.5,15.1,223.2,2017
Nghệ An,244.6,1257.1,401.5,188.6,53.8,1015.1,92.1,65.9,606.7,59.5,48.7,289.8,37.0,32.1,118.6,56.0,43.2,241.9,4.1,26.4,15.5,345.4,2017
Hà Tĩnh,111.8,471.2,370.4,104.1,42.5,442.8,58.9,41.1,241.9,44.5,44.9,199.8,0.7,15.7,1.1,7.7,36.9,28.4,4.2,27.3,2.9,40.5,2017
Quảng Bình,60.4,310.5,351.8,55.4,51.4,284.7,30.0,61.5,184.5,24.8,40.2,99.8,0.6,6.7,0.4,4.9,51.8,25.4,3.5,25.5,6.4,118.7,2017
Quảng Trị,54.5,257.4,410.3,50.3,48.4,243.4,25.8,56.7,146.2,22.5,42.3,95.2,2.0,10.0,2.0,4.2,33.3,14.0,2.5,19.2,12.3,207.4,2017
Thừa Thiên Huế,56.6,334.1,289.4,54.9,59.6,327.4,28.6,62.3,178.3,25.6,57.8,148.0,0.7,15.7,1.1,1.7,39.4,6.7,2.7,12.9,6.7,127.2,2017
Đà Nẵng,5.6,33.8,31.8,5.2,60.4,31.4,2.8,62.5,17.5,..,..,..,2.4,57.9,13.9,0.4,60.0,2.4,0.3,2.1,,,2017
Quảng Nam,99.4,520.0,348.1,86.8,53.1,461.1,42.7,56.4,240.8,..,..,..,44.1,50.0,220.3,12.6,46.7,58.9,3.6,23.1,11.7,207.2,2017
Quảng Ngãi,86.1,499.7,395.4,75.5,58.1,438.8,38.8,59.5,231.0,34.3,58.6,201.0,2.4,28.3,6.8,10.6,57.5,60.9,0.4,2.5,18.4,353.4,2017
Bình Định,113.3,715.4,467.9,105.1,63.4,666.4,47.3,67.7,320.4,43.6,64.3,280.3,14.2,46.3,65.7,8.2,59.8,49.0,0.3,1.5,,306.3,2017
Phú Yên,62.4,396.8,438.7,56.9,65.8,374.4,26.8,69.1,185.1,24.9,68.8,171.3,5.2,34.6,18.0,5.5,40.7,22.4,0.1,0.9,23.1,502.5,2017
Khánh Hoà,54.1,268.7,219.9,47.5,53.6,254.7,20.0,59.6,119.2,18.5,57.4,106.1,9.0,32.7,29.4,6.6,21.2,14.0,0.2,1.0,4.9,84.8,2017
Ninh Thuận,61.5,327.7,539.9,48.4,57.1,276.6,16.7,63.2,105.6,17.0,59.1,100.4,14.7,48.0,70.6,12.9,39.3,50.7,0.3,2.8,,,2017
Bình Thuận,142.6,832.4,676.5,124.2,57.8,717.8,35.0,62.4,218.3,44.9,57.8,259.7,44.3,54.1,239.8,18.4,62.3,114.6,0.5,3.1,28.2,477.9,2017
Tây Nguyên,460.4,2539.3,439.2,243.4,54.1,1315.6,86.5,61.3,529.9,6.1,52.8,32.2,150.8,50.0,753.5,216.4,56.5,1221.9,17.8,213.2,,,2017
Kon Tum,30.6,117.2,225.4,24.0,38.0,91.1,7.1,46.3,32.9,,,,16.9,34.4,58.2,6.2,40.2,24.9,0.2,1.3,38.6,576.5,2017
Gia Lai,122.0,566.4,394.0,74.6,47.6,354.9,25.0,56.4,140.9,,,,49.6,43.1,214.0,47.4,44.6,211.5,2.6,22.7,65.8,1249.9,2017
Đắk Lắk,201.8,1238.5,653.0,101.5,63.4,643.5,39.6,69.7,275.9,,,,61.9,59.4,367.6,100.3,59.3,595.0,5.8,69.7,,,2017
Đắk Nông,63.6,399.9,636.7,13.0,57.4,74.6,4.9,60.0,29.4,,,,8.1,55.8,45.2,50.5,64.4,325.0,7.0,87.1,,,2017
Lâm Đồng,42.4,217.3,167.3,30.3,50.0,151.5,9.9,51.3,50.8,6.1,52.8,32.2,14.3,47.9,68.5,12.0,54.6,65.5,2.2,32.4,,..,2017
Đông Nam Bộ,342.2,1839.7,109.9,271.9,51.4,1396.7,77.3,56.8,439.1,88.6,50.9,450.9,106.0,47.8,506.7,70.2,63.1,442.9,1.4,9.1,,,2017
Bình Phước,16.8,56.8,58.6,12.2,32.5,39.6,3.3,32.7,10.8,,,,8.9,32.4,28.8,4.5,38.0,17.1,0.7,3.2,15.9,378.7,2017
Tây Ninh,152.8,816.6,725.1,147.9,53.3,788.9,44.6,57.9,258.1,50.4,52.6,264.9,52.9,50.3,265.9,4.9,56.5,27.7,0.0,0.2,55.9,1819.8,2017
Bình Dương,7.6,31.4,15.2,7.2,42.5,30.6,2.3,48.7,11.2,1.5,40.0,6.0,3.4,39.4,13.4,0.4,20.0,0.8,0.2,1.4,4.7,87.1,2017
Đồng Nai,106.9,660.8,218.3,60.7,54.2,329.1,15.0,61.5,92.2,22.0,51.5,113.3,23.7,52.2,123.6,46.2,71.8,331.7,0.3,3.3,,415.0,2017
Bà Rịa - Vũng Tàu,38.5,185.9,168.7,24.8,49.2,122.1,6.7,60.1,40.3,8.6,45.6,39.2,9.5,44.8,42.6,13.7,46.6,63.8,0.2,0.7,8.5,211.3,2017
TP.Hồ Chí Minh,19.6,88.2,10.4,19.1,45.2,86.4,5.4,49.1,26.5,6.1,45.1,27.5,7.6,42.6,32.4,0.5,36.0,1.8,0.0,0.3,,,2017
Đồng bằng sông Cửu Long,4220.4,23809.3,1342.3,4185.3,56.4,23609.0,1579.1,62.6,9883.2,2421.9,53.8,13026.7,184.3,37.9,699.1,35.1,57.0,200.2,23.6,542.4,,,2017
Long An,528.1,2652.2,1771.9,526.7,50.2,2643.2,234.2,55.9,1310.0,290.3,45.7,1327.0,2.2,28.2,6.2,1.4,64.3,9.0,0.1,0.7,1.6,24.6,2017
Tiền Giang,215.3,1265.5,722.4,210.8,59.3,1249.3,71.6,65.7,470.5,139.2,55.9,778.8,..,..,..,4.5,35.8,16.1,0.4,6.6,,,2017
Bến Tre,55.5,229.3,181.0,54.9,41.4,227.2,15.7,44.2,69.4,30.8,41.6,128.0,8.4,35.5,29.8,0.6,35.0,2.1,0.1,0.5,,..,2017
Trà Vinh,224.4,1159.6,1109.1,220.2,51.7,1137.4,59.9,59.0,353.3,157.9,49.0,773.4,2.4,44.6,10.7,4.2,52.9,22.2,1.2,19.0,,,2017
Vĩnh Long,170.8,945.9,900.7,169.4,55.6,942.5,59.0,60.0,354.1,110.4,53.3,588.4,..,..,..,1.4,24.3,3.4,13.8,358.0,0.2,2.8,2017
Đồng Tháp,543.5,3248.7,1921.9,538.3,59.6,3206.8,208.9,60.0,1254.4,329.4,59.3,1952.4,..,..,..,5.2,80.6,41.9,3.8,94.3,,,2017
An Giang,649.4,3942.7,1823.9,641.1,60.5,3879.6,236.2,70.3,1660.4,399.9,55.1,2202.0,5.0,34.4,17.2,8.3,76.0,63.1,0.3,4.8,1.4,28.5,2017
Kiên Giang,735.6,4060.5,2265.2,735.3,55.2,4058.8,298.8,60.2,1799.7,389.1,54.6,2122.7,47.4,28.8,136.4,0.3,56.7,1.7,1.5,32.1,0.7,18.8,2017
Cần Thơ,241.2,1392.8,1094.3,240.1,57.8,1387.2,85.4,65.2,556.7,154.7,53.7,830.5,..,..,..,1.1,50.9,5.6,0.0,0.1,,,2017
Hậu Giang,209.8,1276.1,1647.4,206.6,61.0,1261.0,77.9,68.2,531.5,128.7,56.7,729.5,..,..,..,3.2,47.2,15.1,0.1,2.4,,,2017
Sóc Trăng,352.4,2122.0,1614.6,348.2,60.5,2105.1,183.9,64.5,1186.0,151.8,56.3,855.1,12.5,51.2,64.0,4.2,40.2,16.9,1.6,20.0,,,2017
Bạc Liêu,180.8,1065.7,1191.7,180.6,59.0,1064.9,46.3,72.0,333.3,103.0,56.6,582.6,31.3,47.6,149.0,0.2,40.0,0.8,0.5,3.0,,,2017
Cà Mau,113.6,448.3,365.6,113.1,39.4,446.0,1.3,30.0,3.9,36.7,42.6,156.3,75.1,38.1,285.8,0.5,46.0,2.3,0.2,0.9,,,2017
